,yummy,convenient,spicy,fattening,greasy,fast,cheap,tasty,expensive,healthy,disgusting,Like,Age,VisitFrequency,Gender
0,0,1,0,1,0,1,1,0,1,0,0,-3,61,0.3,1
1,1,1,0,1,1,1,1,1,1,0,0,2,51,0.3,1
2,0,1,1,1,1,1,0,1,1,1,0,1,62,0.3,1
3,1,1,0,1,1,1,1,1,0,0,1,4,69,0.8,1
4,0,1,0,1,1,1,1,0,0,1,0,2,49,0.5,0
5,1,1,0,1,0,1,1,1,0,0,0,2,55,0.3,0
6,1,1,1,1,0,1,0,1,1,1,0,2,56,0.3,1
7,1,1,0,1,1,1,1,1,0,0,0,5,23,0.8,1
8,0,0,0,1,1,0,0,0,1,0,1,-5,58,0.1,0
9,1,1,0,1,1,1,0,1,1,0,0,1,32,0.3,1
10,0,1,0,1,0,1,1,0,0,0,1,-2,53,0.3,1
11,1,1,0,1,1,1,0,1,1,0,1,3,28,0.5,0
12,0,1,0,1,0,1,1,0,0,0,0,0,65,0.3,0
13,1,1,0,1,0,1,0,1,1,1,0,5,54,0.5,0
14,0,1,0,1,0,1,0,0,1,0,0,-3,67,0.5,0
15,1,1,0,1,0,1,1,1,0,0,0,3,51,0.5,0
16,1,1,0,1,1,1,1,1,0,0,0,0,34,0.5,1
17,1,1,0,0,1,1,0,1,0,0,0,2,31,0.5,0
18,0,0,0,1,1,1,1,0,1,0,1,-4,47,0.3,1
19,1,1,0,1,1,1,0,1,1,0,1,5,37,1.0,0
20,1,1,0,1,1,1,0,1,1,0,1,2,41,0.1,1
21,1,1,0,1,0,1,1,1,1,0,0,2,36,0.5,0
22,1,1,1,1,1,1,1,1,1,0,1,-2,23,0.8,1
23,1,1,1,1,0,1,0,1,1,0,0,5,50,1.0,1
24,1,1,0,1,0,1,1,1,0,1,0,2,39,0.3,1
25,1,1,0,1,1,1,1,0,1,0,0,0,35,0.3,1
26,1,1,0,1,1,1,1,1,0,0,1,0,20,0.3,0
27,0,1,0,1,1,1,0,1,0,1,0,0,34,0.5,1
28,0,1,0,0,0,1,0,0,0,0,0,0,55,0.3,0
29,1,1,0,1,0,1,1,1,0,1,0,3,24,0.3,1
30,1,1,0,1,1,1,1,1,0,0,0,3,44,0.5,0
31,0,1,0,0,0,1,1,1,0,1,0,3,40,0.5,1
32,1,1,0,1,1,1,1,1,0,0,0,1,55,0.5,0
33,0,1,0,1,1,1,1,0,0,0,1,-4,37,0.0,0
34,1,1,0,1,0,1,1,1,0,1,0,4,48,0.8,0
35,0,1,0,1,1,1,1,0,0,0,1,-2,54,0.3,1
36,1,1,0,1,0,1,1,1,0,1,0,3,38,0.3,1
37,0,1,0,1,1,1,1,0,0,0,1,-5,49,0.3,1
38,0,0,0,1,1,1,1,0,0,0,1,-4,35,0.0,1
39,0,0,0,1,1,1,0,0,1,0,1,-4,55,0.1,0
40,1,0,0,1,0,0,0,1,1,0,0,2,31,0.1,0
41,1,1,0,1,0,1,1,1,0,1,0,3,57,1.0,0
42,1,1,1,1,0,1,1,1,0,1,0,4,69,1.0,0
43,1,1,0,1,0,1,0,1,0,0,0,3,37,0.3,1
44,0,1,0,1,1,1,1,0,0,0,1,-5,60,0.0,0
45,1,1,1,1,1,1,1,1,1,1,1,2,36,0.5,0
46,0,1,0,0,0,1,0,1,0,1,0,1,54,0.3,0
47,1,1,0,1,0,1,0,1,1,0,0,4,66,0.5,0
48,1,1,0,1,0,1,1,1,0,0,0,0,32,0.5,1
49,1,1,0,1,1,1,1,1,0,0,0,2,67,0.1,0
50,0,1,1,1,1,1,0,0,1,0,1,-4,42,0.8,1
51,1,1,0,1,1,1,1,0,0,0,0,2,26,0.5,1
52,1,1,0,1,1,1,0,1,1,0,0,1,58,0.1,1
53,0,1,0,1,0,1,0,0,1,0,1,-5,48,0.5,0
54,1,1,0,0,0,1,1,1,0,1,0,4,54,0.5,1
55,0,1,0,1,0,1,1,1,0,0,0,0,62,0.1,0
56,0,1,0,1,1,1,1,0,0,0,1,-4,52,0.1,1
57,0,1,0,1,1,1,1,0,0,0,0,0,53,0.3,0
58,1,1,0,1,0,1,1,1,0,0,0,4,47,1.0,0
59,1,1,0,1,1,1,1,1,0,0,0,5,26,0.5,1
60,1,1,0,1,1,1,0,1,0,0,0,5,29,0.8,1
61,1,1,0,1,1,1,1,1,0,1,0,3,24,0.8,0
62,1,1,0,1,0,1,1,1,0,1,0,5,25,0.8,1
63,0,1,0,1,1,1,0,0,1,0,0,0,54,0.5,0
64,1,1,0,1,1,1,1,1,0,0,0,4,23,0.5,1
65,0,0,0,1,0,1,0,0,1,0,1,0,34,0.0,1
66,0,1,0,0,0,0,0,0,1,0,0,1,47,0.3,0
67,1,1,1,1,1,1,1,1,1,1,1,3,22,0.8,0
68,0,1,0,1,0,1,1,1,0,1,0,0,47,0.1,0
69,1,1,0,1,0,1,1,1,0,0,0,4,56,0.5,0
70,0,1,0,1,0,1,1,0,0,1,0,-1,55,0.3,0
71,1,1,0,0,0,1,1,1,0,1,0,3,56,0.3,1
72,0,1,0,1,0,0,0,1,1,0,0,0,56,0.3,1
73,0,1,0,1,1,1,1,1,0,0,0,2,37,0.3,1
74,1,1,0,0,0,1,1,1,0,1,0,5,50,0.8,1
75,0,1,0,1,1,0,0,0,1,0,1,-1,40,0.3,0
76,1,1,0,1,0,1,1,1,0,0,0,4,61,0.8,0
77,0,1,0,1,0,1,0,0,1,0,0,-2,55,0.3,0
78,1,1,1,1,1,1,0,1,1,0,0,-1,45,0.1,1
79,1,1,0,0,0,1,1,1,0,1,0,1,42,0.5,0
80,0,1,0,1,1,1,0,0,0,0,1,2,52,0.3,0
81,0,1,0,1,0,1,1,1,0,0,0,2,58,0.1,1
82,0,1,0,1,0,1,1,1,0,0,0,1,48,0.5,0
83,1,1,0,0,0,1,1,1,0,1,0,3,58,0.8,0
84,0,0,0,1,1,1,0,1,1,0,0,-3,18,0.1,0
85,1,1,0,0,0,1,1,1,0,0,0,4,68,0.5,1
86,1,1,0,1,1,1,1,1,1,0,1,1,49,0.5,1
87,0,1,0,1,1,0,0,1,1,0,0,-5,50,0.8,1
88,1,1,0,1,0,1,0,1,1,0,0,2,43,0.3,1
89,1,1,1,1,0,1,1,1,1,0,0,4,67,0.3,0
90,1,1,0,1,0,1,1,1,0,0,0,1,40,0.8,1
91,1,1,0,1,1,1,1,1,0,0,1,-5,35,0.0,0
92,0,0,0,1,1,0,0,0,1,0,1,-5,42,0.3,1
93,0,1,0,1,0,1,1,1,0,0,0,2,41,0.3,1
94,1,1,0,1,1,1,1,1,0,1,0,4,32,0.5,0
95,1,1,0,1,1,1,0,1,0,0,0,3,21,0.5,1
96,0,1,0,1,1,1,1,1,0,0,0,4,56,0.8,1
97,0,1,0,1,1,1,0,0,0,0,0,2,27,0.3,0
98,0,1,0,1,1,1,0,0,1,0,0,0,48,0.1,1
99,1,1,0,1,0,1,1,1,0,0,0,2,32,0.8,0
100,0,1,0,1,1,1,1,0,0,0,0,3,50,0.5,0
101,1,1,0,1,1,1,0,1,1,0,0,2,42,0.1,1
102,1,1,1,1,1,1,1,1,1,1,1,5,35,1.0,0
103,1,1,1,1,0,1,1,1,0,0,0,4,57,0.5,1
104,1,1,0,1,0,1,0,1,0,0,0,3,68,0.5,0
105,0,1,0,1,0,1,0,0,1,0,0,3,51,0.5,1
106,1,1,0,1,1,0,0,1,1,0,1,-2,42,0.3,1
107,0,1,0,1,0,0,0,0,0,0,0,0,44,0.3,1
108,1,1,0,1,0,1,1,1,0,0,0,2,57,0.1,1
109,0,1,0,1,1,1,1,0,0,0,0,2,56,0.1,1
110,0,1,1,1,0,0,0,0,0,0,0,-2,57,0.3,1
111,1,1,0,0,0,1,0,1,1,1,0,5,33,0.8,1
112,0,0,0,1,1,0,0,0,1,0,1,-3,63,0.3,0
113,1,1,0,1,0,1,0,1,1,0,0,2,55,0.5,0
114,0,1,0,1,1,0,0,0,1,0,0,0,39,0.3,1
115,0,1,0,1,0,1,1,0,0,0,0,-3,65,0.0,0
116,1,1,1,1,1,1,1,1,0,1,0,4,47,0.8,1
117,1,1,0,1,0,1,1,1,0,1,0,1,37,0.3,1
118,0,1,0,1,1,1,1,0,0,0,1,-1,22,0.1,0
119,0,1,0,1,1,1,1,0,0,0,0,-2,51,0.3,0
120,1,1,0,0,0,1,1,1,0,1,0,5,24,0.5,1
121,1,1,1,1,1,1,1,1,1,0,0,1,49,0.5,1
122,1,1,0,1,0,1,0,1,1,1,0,5,55,0.5,1
123,0,1,0,1,0,1,1,0,0,0,1,-5,48,0.1,0
124,1,1,0,1,1,1,1,1,0,0,0,3,24,0.3,1
125,0,1,0,1,0,1,0,1,1,0,0,-2,47,0.3,0
126,0,1,0,1,0,1,1,0,0,0,1,-4,54,0.1,0
127,1,1,0,1,0,1,1,1,0,0,0,4,23,0.8,1
128,0,1,0,1,1,1,1,0,0,1,0,1,34,0.3,1
129,1,1,0,1,1,1,1,1,0,0,1,3,32,0.5,1
130,0,1,0,0,0,1,1,0,0,0,0,3,58,0.5,1
131,0,1,0,1,0,1,0,0,1,0,0,0,46,0.1,1
132,1,1,0,1,0,1,1,1,0,0,0,0,23,0.3,1
133,1,1,0,1,1,1,1,1,0,0,0,1,31,0.5,0
134,0,1,0,1,1,1,1,1,0,0,0,0,59,0.1,0
135,0,1,1,1,1,1,0,0,1,1,0,0,47,0.5,0
136,1,1,0,1,0,1,1,1,0,0,0,3,58,1.0,1
137,1,1,0,1,0,1,1,1,0,0,0,4,55,0.3,0
138,1,1,0,1,1,0,1,1,0,0,0,4,62,0.5,1
139,1,1,0,1,1,1,1,1,0,0,0,2,20,0.5,0
140,0,1,0,1,0,1,1,1,0,0,0,0,42,0.3,0
141,0,1,0,1,1,1,1,0,0,0,1,-3,29,0.5,0
142,0,1,0,1,0,1,0,0,1,0,0,1,63,0.5,0
143,0,1,0,1,1,1,1,1,0,0,1,2,26,0.8,0
144,1,0,0,1,1,1,1,1,0,0,0,5,19,0.5,1
145,1,1,0,1,0,1,1,1,0,0,0,1,61,0.1,1
146,1,1,0,1,1,1,0,1,1,0,0,5,19,0.8,0
147,1,1,0,1,0,1,0,1,1,1,0,4,56,0.5,1
148,0,1,0,1,1,1,0,0,1,0,1,-4,39,0.1,1
149,1,1,0,1,1,1,0,1,1,0,0,0,45,0.5,0
150,0,0,0,1,1,0,0,0,1,0,1,-5,52,0.1,0
151,1,1,0,0,0,1,1,1,0,1,0,0,42,0.5,1
152,1,1,0,1,1,1,0,1,1,0,0,3,47,0.5,1
153,1,1,0,1,0,1,1,1,0,0,0,5,22,0.8,1
154,1,1,1,1,1,1,1,1,0,0,0,2,63,0.5,0
155,1,1,0,1,1,1,1,1,0,0,0,5,65,0.3,1
156,0,1,0,0,0,1,1,1,0,0,0,1,63,0.3,0
157,1,1,0,1,1,1,0,1,1,0,0,3,25,0.5,0
158,1,1,0,1,1,1,0,1,1,0,0,1,62,0.1,0
159,0,1,0,1,1,0,1,0,0,0,0,0,59,0.1,1
160,0,1,0,1,1,1,1,1,0,0,0,1,67,0.1,0
161,0,0,0,1,1,1,0,0,1,0,1,-5,60,0.0,0
162,1,1,0,0,0,1,1,1,0,1,0,4,69,0.8,0
163,0,0,0,1,1,1,0,0,1,0,1,-5,40,0.0,0
164,1,1,0,0,0,1,1,1,0,1,0,2,67,0.1,0
165,1,1,0,0,0,1,1,1,0,1,0,2,37,0.3,1
166,0,1,1,0,1,1,0,0,1,0,0,-4,65,0.3,0
167,1,1,0,1,0,1,0,1,1,0,0,3,64,0.5,1
168,1,1,0,1,0,1,1,1,0,0,0,4,57,0.5,1
169,1,1,0,1,1,1,0,1,1,1,0,5,37,0.8,0
170,1,1,0,1,1,1,0,1,1,1,0,2,39,0.5,1
171,1,1,0,1,0,1,0,1,0,0,0,1,64,0.3,0
172,1,1,0,1,1,1,1,1,0,0,1,-2,23,0.1,0
173,1,0,1,1,1,1,1,0,0,0,1,2,50,0.8,1
174,0,1,0,1,1,1,0,0,1,0,1,-4,60,0.3,0
175,0,1,0,1,1,1,0,0,1,0,1,-2,32,0.1,0
176,0,1,0,1,1,1,1,0,0,0,1,-5,59,0.0,1
177,0,0,0,1,0,1,0,0,1,0,1,-2,37,0.5,0
178,1,1,0,1,1,1,0,1,0,1,0,3,25,1.0,1
179,0,1,0,0,0,1,0,0,0,0,0,3,55,0.5,0
180,0,1,0,1,1,1,0,1,1,0,1,-2,25,0.5,0
181,0,1,0,0,0,1,1,0,0,1,1,-3,35,0.1,1
182,0,0,1,1,1,1,1,0,0,0,1,-4,58,0.0,1
183,0,1,0,1,1,1,1,0,0,0,1,-5,32,0.0,0
184,1,1,0,1,1,1,1,1,1,0,1,-5,45,0.0,1
185,0,1,0,1,0,1,0,0,1,0,0,-3,60,0.1,1
186,0,1,0,1,0,1,1,1,0,0,0,3,59,0.1,0
187,0,1,0,1,0,1,1,0,0,0,0,0,36,0.5,1
188,0,1,0,1,1,1,1,0,0,0,1,0,55,0.1,0
189,1,1,0,1,0,1,1,0,0,0,0,1,55,0.3,1
190,1,1,0,1,0,1,0,1,1,0,0,3,22,0.5,1
191,1,1,0,1,1,1,1,1,0,0,0,3,21,0.8,1
192,1,1,0,1,1,1,1,1,0,0,0,1,62,0.8,0
193,1,1,0,1,1,1,1,1,0,0,0,3,29,0.5,0
194,1,1,0,1,1,1,1,1,0,1,0,1,36,0.5,1
195,0,1,0,1,1,1,0,0,0,0,0,0,44,0.1,0
196,0,1,0,1,1,1,1,0,0,0,0,2,47,0.1,1
197,0,0,0,1,1,0,0,0,1,0,1,-5,57,0.1,1
198,0,1,0,1,0,1,1,1,0,0,0,1,23,0.1,1
199,1,1,0,1,1,1,1,1,0,0,0,5,31,0.8,1
200,1,1,0,0,0,1,1,1,0,1,0,4,70,1.0,1
201,1,1,1,1,0,1,1,1,0,1,0,5,24,0.8,0
202,0,1,0,1,1,1,0,1,1,0,0,3,27,0.3,0
203,0,1,0,1,1,1,1,0,0,0,1,-5,58,0.0,1
204,0,1,1,1,0,1,1,0,0,0,0,2,51,0.8,0
205,0,0,0,1,1,0,0,0,1,0,1,-2,36,0.3,0
206,0,1,0,1,0,1,1,1,0,0,0,0,36,0.5,1
207,0,0,1,1,1,1,0,0,1,0,1,0,43,0.3,0
208,0,1,1,1,1,0,0,0,1,0,1,-3,64,0.0,0
209,0,1,0,1,0,1,0,0,1,0,1,-3,52,0.5,0
210,0,1,0,1,0,1,1,1,0,0,0,1,53,0.0,0
211,0,1,0,1,1,1,0,0,1,0,1,-5,52,0.0,1
212,1,1,1,1,1,1,1,1,0,0,0,3,33,0.8,1
213,1,1,0,1,1,1,1,1,0,0,0,5,24,0.8,0
214,1,1,0,0,0,1,0,1,0,0,0,4,64,0.5,1
215,1,1,1,1,1,1,0,1,1,1,1,3,41,0.5,0
216,0,0,0,1,1,0,1,0,0,0,1,-5,56,0.1,1
217,1,1,0,1,0,1,1,1,0,1,0,4,49,0.5,1
218,1,0,0,1,1,1,0,1,1,0,0,-1,24,0.1,1
219,0,1,0,1,0,1,1,0,0,0,0,2,62,0.3,1
220,0,1,0,0,0,1,1,1,0,0,0,0,56,0.3,0
221,1,1,0,1,1,0,0,1,0,0,0,3,67,0.3,0
222,1,1,0,1,0,1,1,1,0,0,0,3,27,0.5,0
223,0,1,0,1,0,1,0,0,1,0,1,-4,53,0.1,0
224,1,1,1,1,0,1,1,1,0,1,1,-4,60,0.1,1
225,0,1,0,1,1,1,1,1,0,0,0,0,51,0.1,1
226,0,1,1,1,1,1,0,1,1,0,0,-5,67,0.1,1
227,1,1,0,1,0,1,1,1,0,0,0,3,27,0.5,1
228,0,1,0,1,1,1,0,0,1,0,0,0,56,0.3,0
229,1,1,0,1,1,1,1,1,0,0,0,4,39,0.5,0
230,1,1,0,1,0,1,1,1,0,0,0,4,35,0.8,1
231,1,1,0,1,1,1,1,1,0,0,0,2,68,0.5,1
232,1,1,0,0,1,1,1,1,0,1,0,5,57,0.8,1
233,0,1,0,1,1,1,1,0,0,0,1,-5,50,0.0,1
234,1,1,0,0,0,1,1,1,0,1,0,3,64,0.5,1
235,0,1,0,1,0,1,1,0,0,0,0,-3,66,0.8,1
236,1,1,1,0,0,1,1,1,0,1,0,5,27,1.0,0
237,0,0,0,1,0,1,0,0,1,0,1,-5,70,0.0,0
238,0,1,0,1,1,0,1,1,1,0,0,-1,51,0.5,0
239,1,1,0,1,0,1,1,1,0,0,0,0,60,0.1,1
240,0,0,0,1,0,1,0,0,1,0,1,-4,49,0.1,1
241,0,1,0,1,1,1,1,0,0,0,1,-5,54,0.0,1
242,0,0,0,1,1,1,0,0,1,0,1,-5,58,0.0,1
243,0,0,0,0,0,1,1,0,0,0,0,-3,70,0.5,1
244,1,1,0,0,0,1,0,1,1,0,0,3,59,1.0,0
245,0,1,0,1,0,1,1,0,0,1,0,1,54,0.1,1
246,0,1,1,0,1,1,0,0,1,0,0,-3,52,0.3,1
247,1,1,0,1,1,1,1,1,0,1,0,4,22,0.8,1
248,1,1,0,1,1,1,0,1,1,0,0,3,53,0.3,1
249,1,1,0,0,0,1,1,1,0,1,0,5,69,1.0,1
250,0,1,1,1,1,1,0,0,1,0,1,1,20,0.3,0
251,1,1,1,1,0,1,1,0,0,0,0,3,66,0.5,1
252,1,1,0,1,0,1,1,1,0,0,0,5,25,1.0,1
253,1,1,0,1,1,1,0,1,1,0,0,5,31,0.8,1
254,1,1,0,1,0,1,1,1,0,1,0,1,67,0.5,1
255,1,1,1,1,0,1,1,1,0,0,0,3,56,0.5,1
256,0,1,0,1,1,1,1,1,0,0,0,1,48,0.1,1
257,0,1,0,1,0,1,1,0,0,0,0,-1,54,0.3,1
258,1,1,0,0,0,1,1,1,0,1,0,5,58,0.5,0
259,1,1,0,1,0,1,1,1,0,0,0,3,42,0.8,1
260,1,1,0,1,0,1,0,1,0,0,0,4,38,0.8,1
261,0,1,0,1,1,1,1,1,0,1,0,2,28,0.3,0
262,1,1,0,1,0,1,0,1,1,0,0,3,47,0.8,1
263,0,0,0,1,1,1,1,0,0,0,0,0,49,0.1,0
264,0,1,0,1,1,1,1,1,0,0,1,0,40,0.3,1
265,0,0,0,1,1,1,0,1,1,1,1,0,31,0.8,0
266,0,1,1,1,1,1,1,0,0,0,0,-5,50,0.0,0
267,1,0,1,1,0,1,1,1,0,0,0,-1,69,0.1,1
268,1,1,0,1,0,1,1,1,0,1,0,4,40,0.5,1
269,1,1,0,1,1,1,1,1,0,0,1,5,30,0.5,0
270,0,1,0,1,1,1,1,1,0,0,1,-3,44,0.1,0
271,1,1,0,1,1,1,0,1,1,0,0,3,32,0.5,0
272,1,1,0,1,0,1,1,1,0,0,0,3,67,0.8,0
273,1,1,0,1,1,1,1,1,0,0,0,5,18,0.8,1
274,0,1,0,1,1,1,1,0,0,0,0,-3,27,0.1,1
275,0,1,0,1,1,1,0,0,1,0,0,-1,61,0.1,1
276,0,1,0,1,0,1,1,0,0,0,0,-4,47,0.1,0
277,1,1,0,1,1,1,1,1,0,0,0,-4,20,0.3,0
278,1,1,0,1,1,1,1,1,0,0,0,4,26,0.8,0
279,0,1,0,1,0,1,1,0,0,0,0,-4,65,0.1,1
280,0,0,1,1,1,0,0,0,1,0,1,-5,64,0.0,0
281,1,1,0,1,1,1,1,1,0,1,0,5,20,0.8,0
282,1,1,0,1,1,0,0,1,1,0,0,2,29,0.5,1
283,1,1,1,1,1,1,0,1,1,0,0,2,45,0.5,1
284,1,0,0,1,0,1,1,1,0,0,0,0,31,0.1,1
285,1,1,0,1,1,1,1,1,0,0,0,5,41,0.8,1
286,0,0,0,1,0,1,0,0,1,0,0,-5,61,0.0,1
287,0,0,0,1,1,1,0,0,1,0,1,-5,69,0.0,1
288,0,1,0,1,1,1,1,0,0,0,1,1,28,0.5,0
289,0,1,0,0,0,1,0,0,0,0,0,3,68,0.5,0
290,0,0,0,1,0,1,1,0,0,0,0,-4,60,0.0,0
291,1,1,0,1,1,1,0,1,0,0,0,0,56,0.1,1
292,0,1,0,1,0,1,0,0,1,0,0,0,61,0.1,1
293,0,1,1,1,1,1,0,1,1,0,0,0,61,0.8,0
294,0,1,0,1,0,1,1,0,0,0,0,-4,63,0.1,0
295,0,1,0,1,0,1,1,1,0,0,0,3,40,0.5,1
296,0,1,0,1,1,1,1,1,0,1,0,-1,36,0.3,0
297,1,1,0,1,1,1,1,0,0,0,0,1,30,0.5,1
298,1,1,0,1,0,1,0,1,1,0,0,4,32,0.5,1
299,1,1,0,0,0,1,0,1,1,1,0,5,37,1.0,0
300,1,1,0,1,0,0,1,1,0,1,0,3,61,0.8,0
301,1,1,0,1,1,1,0,1,1,0,0,3,34,0.5,1
302,1,1,0,1,1,1,0,1,1,0,0,1,24,0.5,0
303,1,1,0,1,1,0,0,1,1,0,0,1,39,0.5,0
304,0,1,0,1,0,1,0,1,1,0,0,0,50,0.3,0
305,1,1,0,1,0,1,0,1,1,1,0,1,46,0.5,0
306,1,1,0,1,0,1,0,0,1,0,0,2,43,0.5,1
307,1,1,0,1,0,1,1,1,0,0,0,4,36,0.5,0
308,1,0,0,0,1,0,0,1,1,0,1,-5,26,0.8,0
309,1,1,0,1,0,1,1,1,0,1,0,2,32,0.5,1
310,0,0,0,1,1,0,0,0,1,0,1,-5,50,0.0,1
311,0,1,0,1,1,1,1,0,0,0,0,-2,56,0.1,1
312,1,1,0,1,0,1,1,1,0,0,0,3,57,0.3,1
313,1,1,0,1,1,1,1,1,0,0,0,-1,25,0.1,0
314,0,1,0,1,1,1,1,1,0,0,0,-1,47,0.5,1
315,1,1,0,1,0,1,0,1,1,0,0,0,32,0.1,0
316,1,1,0,1,0,1,1,1,0,1,0,3,32,0.8,1
317,0,1,0,1,1,1,1,1,0,1,0,0,57,0.3,1
318,1,1,0,1,1,1,1,1,0,0,0,5,42,0.8,0
319,0,1,0,1,0,1,1,0,0,0,0,2,31,0.8,0
320,0,0,0,1,1,1,0,0,1,0,1,-3,37,0.1,1
321,1,1,0,0,0,1,1,1,1,1,0,3,33,0.3,1
322,1,1,0,1,0,1,0,1,0,0,0,-1,46,0.3,1
323,1,1,0,1,0,1,0,1,1,0,0,2,41,0.3,1
324,0,1,0,0,0,1,1,0,0,1,0,-1,60,0.3,0
325,1,1,0,1,0,1,1,1,0,1,0,2,42,0.5,0
326,0,1,0,1,0,1,1,1,0,0,0,1,45,0.5,1
327,1,1,0,1,1,1,0,0,0,0,0,0,36,0.3,0
328,1,1,0,1,0,0,0,1,1,1,0,2,44,0.5,0
329,1,1,1,0,1,0,0,1,1,0,0,1,34,0.5,0
330,1,0,0,1,1,1,1,1,0,0,0,2,22,0.3,0
331,0,1,0,1,1,1,1,0,0,0,1,-4,64,0.3,0
332,1,1,0,0,0,1,1,1,0,1,0,5,36,0.5,0
333,1,1,0,1,1,1,1,1,0,0,0,5,23,0.5,0
334,0,1,0,1,0,1,1,1,0,0,0,-4,69,0.3,1
335,0,1,0,1,1,1,1,0,0,0,0,-5,64,0.0,1
336,1,1,0,1,0,1,1,1,0,0,0,4,53,0.3,0
337,0,1,0,1,1,0,0,0,0,0,1,-4,40,0.0,1
338,0,1,0,1,0,1,1,0,0,0,1,-4,56,0.3,1
339,0,1,0,1,1,0,0,1,0,0,0,2,48,0.8,1
340,1,0,0,1,0,1,1,1,0,1,0,5,62,0.5,1
341,1,1,0,0,0,1,1,1,0,1,0,2,65,0.3,1
342,1,1,0,0,0,1,0,1,1,0,0,4,34,0.5,0
343,0,1,0,1,1,1,0,0,0,0,1,-5,27,0.0,1
344,1,1,0,1,0,1,1,1,0,0,0,2,25,0.3,0
345,1,1,0,1,1,1,1,1,0,0,1,-1,55,0.1,1
346,1,1,0,1,0,1,1,1,0,0,0,5,38,0.8,1
347,1,1,0,1,0,1,0,1,1,1,0,1,52,0.5,1
348,1,1,0,1,0,0,0,1,1,0,0,3,36,0.5,0
349,1,1,0,1,1,1,1,1,0,0,0,-1,36,0.5,0
350,1,1,0,1,0,1,0,1,1,0,0,0,52,0.5,1
351,1,1,0,1,1,1,1,1,1,0,0,5,49,0.8,1
352,0,1,0,1,0,1,0,1,0,0,0,2,58,0.5,1
353,1,1,1,0,0,1,1,1,0,1,0,3,67,0.5,1
354,0,1,0,1,1,1,1,1,0,0,1,1,56,0.3,1
355,1,1,0,1,1,0,0,1,1,0,0,2,43,0.8,1
356,1,1,0,1,0,1,1,1,0,0,0,1,43,0.8,1
357,1,1,0,1,1,1,0,1,1,0,1,1,23,0.3,1
358,1,1,0,1,1,1,1,1,1,0,0,1,29,0.8,0
359,0,1,0,1,1,0,0,0,1,0,1,-4,32,0.1,0
360,0,1,0,1,1,1,1,0,0,0,0,1,35,0.8,1
361,1,1,0,0,1,1,0,1,1,0,1,2,46,0.8,0
362,0,1,0,0,0,1,1,1,0,1,0,3,55,0.5,1
363,1,1,0,1,0,1,1,1,0,0,0,4,45,0.8,1
364,1,1,0,1,0,0,0,1,1,0,0,2,39,0.3,0
365,0,1,0,0,0,1,0,1,1,1,1,-3,52,0.1,0
366,1,1,0,1,0,1,0,1,1,0,0,3,53,0.5,1
367,1,1,1,1,1,1,0,1,0,0,0,3,44,0.5,0
368,0,1,0,1,1,1,1,1,0,0,0,1,55,0.1,1
369,1,1,0,1,0,1,1,1,0,1,0,5,21,1.0,1
370,0,1,0,0,0,1,1,1,0,0,0,1,48,0.5,0
371,1,1,1,1,1,0,0,1,1,0,0,3,57,0.5,1
372,1,1,0,1,1,1,0,1,1,0,0,3,26,0.8,0
373,1,1,0,0,0,1,1,1,0,0,0,2,52,0.5,1
374,1,1,0,1,1,1,0,1,1,0,0,4,28,0.8,0
375,0,1,0,0,0,1,0,1,0,0,0,2,58,0.5,0
376,1,1,0,0,0,0,1,1,0,1,0,5,34,0.5,0
377,1,1,0,1,0,1,1,0,0,0,0,-4,39,0.3,0
378,1,1,1,1,1,1,0,1,1,0,0,3,20,0.5,0
379,0,1,0,1,0,1,0,0,0,0,1,0,61,0.1,1
380,1,1,0,1,0,0,0,0,1,0,0,4,35,0.8,0
381,0,1,0,1,1,1,0,0,1,0,1,-5,27,0.0,0
382,1,1,0,1,1,1,1,1,0,0,0,3,50,0.5,1
383,1,1,0,1,1,1,1,1,0,0,0,3,58,0.5,1
384,0,1,0,1,1,1,1,0,0,0,1,-1,29,0.5,1
385,1,1,0,1,1,1,0,1,1,0,0,3,23,0.8,0
386,1,1,0,0,0,1,0,1,0,0,0,2,47,0.3,0
387,1,1,0,1,1,1,1,1,0,0,0,2,58,0.3,1
388,0,1,0,1,0,1,0,0,1,0,0,0,49,0.5,1
389,1,1,0,1,0,1,0,0,0,0,0,1,27,0.5,1
390,1,1,0,1,1,1,1,1,0,0,0,5,20,1.0,1
391,1,1,0,1,1,0,0,1,1,0,1,0,43,0.3,0
392,0,1,0,1,0,1,0,0,1,0,1,0,62,0.3,1
393,0,0,0,1,0,1,1,0,0,0,1,-5,55,0.1,1
394,0,0,0,1,1,1,1,1,0,0,0,-3,62,0.1,1
395,0,1,0,1,1,1,1,0,0,0,1,-3,56,0.1,1
396,0,1,0,1,0,1,1,0,0,0,0,-4,60,0.0,0
397,1,1,0,1,0,1,1,1,0,0,0,1,42,0.5,1
398,1,1,0,1,1,1,1,1,0,0,0,4,26,0.8,1
399,0,1,0,1,0,1,1,0,0,0,0,-1,55,0.1,1
400,1,1,0,1,0,1,0,1,0,0,0,4,42,0.8,0
401,0,1,0,0,0,1,1,1,0,1,0,3,67,0.1,1
402,1,1,0,1,0,1,0,1,1,0,0,3,43,0.8,0
403,0,1,0,1,1,1,1,0,0,0,0,0,42,0.5,1
404,1,1,0,0,0,1,1,1,0,1,0,5,50,0.8,1
405,0,1,0,1,1,1,1,0,0,0,1,-4,20,0.1,1
406,0,0,0,1,0,1,0,0,1,0,1,-5,50,0.0,0
407,1,1,1,1,1,1,0,1,1,0,0,1,60,0.1,0
408,1,1,0,1,1,1,1,1,0,0,0,-1,21,0.0,0
409,1,1,0,1,0,1,0,1,1,0,0,4,33,0.5,0
410,1,1,0,1,0,1,1,0,0,0,0,0,68,0.3,1
411,1,1,0,1,1,1,1,1,0,0,0,3,26,0.5,0
412,1,1,0,1,0,1,1,1,0,0,0,1,60,0.5,1
413,1,1,0,1,1,1,0,1,1,0,0,3,52,0.3,1
414,1,1,1,0,0,1,1,1,0,1,0,4,70,0.3,1
415,0,0,0,1,1,1,1,0,1,0,1,-5,44,0.1,1
416,1,1,0,1,1,1,0,1,1,0,0,2,23,0.3,1
417,0,1,1,1,0,1,0,0,0,0,0,-1,62,0.3,1
418,0,1,1,1,0,1,1,1,0,0,0,2,59,0.8,1
419,1,1,0,0,0,1,1,1,0,1,0,5,66,0.8,1
420,0,1,0,1,0,1,0,0,1,1,0,1,44,0.5,0
421,1,1,0,1,1,1,0,1,1,0,0,3,25,0.5,0
422,1,1,0,1,0,0,0,1,1,1,0,3,41,0.5,0
423,1,1,0,0,0,1,1,1,0,0,0,4,41,1.0,0
424,1,1,0,0,0,1,1,1,0,1,0,3,33,0.8,0
425,0,1,0,1,1,1,0,0,1,0,1,1,45,0.5,1
426,1,1,0,1,0,1,1,1,0,1,0,5,23,1.0,1
427,0,0,0,1,1,1,0,0,1,0,1,-4,52,0.1,1
428,0,1,0,1,0,1,1,0,0,0,0,2,63,0.5,1
429,1,1,1,1,1,1,1,1,1,1,1,4,48,0.5,1
430,0,1,0,1,1,1,0,1,1,0,1,-5,52,0.0,0
431,0,0,0,1,1,1,1,0,1,0,1,-5,50,0.0,0
432,1,1,0,1,1,1,1,1,0,1,1,2,28,0.5,0
433,1,1,0,1,1,1,0,1,1,0,1,1,24,0.5,0
434,0,1,0,1,0,0,0,0,1,0,0,0,45,0.8,1
435,1,1,0,1,1,0,0,0,1,0,0,2,26,0.3,1
436,1,1,0,1,1,1,0,1,0,0,1,1,19,0.3,0
437,0,1,0,1,0,1,0,1,1,0,0,2,45,0.3,0
438,0,1,0,0,0,1,0,0,1,1,0,1,44,0.3,0
439,1,1,0,1,1,1,0,1,0,0,0,2,47,0.5,0
440,0,1,0,1,0,1,1,1,0,0,0,3,28,0.5,0
441,0,1,0,1,0,1,1,0,0,0,0,2,62,0.3,1
442,1,1,1,0,1,1,1,1,0,0,0,-1,33,0.8,0
443,1,1,0,0,0,0,1,1,0,1,0,3,67,0.3,1
444,1,1,0,0,0,1,1,1,0,1,0,1,67,0.1,1
445,1,1,1,1,1,1,1,1,1,0,1,2,49,0.5,0
446,1,1,0,1,1,1,1,1,0,0,0,4,33,0.8,1
447,1,1,0,0,0,1,1,1,0,1,0,5,51,1.0,1
448,1,1,0,0,0,1,1,1,0,1,0,3,52,0.8,1
449,1,1,1,1,1,1,1,1,1,1,0,5,30,1.0,0
450,1,1,0,1,0,1,0,1,1,0,0,2,60,0.5,1
451,0,1,0,1,0,1,0,0,1,0,0,-3,47,0.3,1
452,0,1,0,0,0,1,0,1,1,0,0,2,44,0.5,0
453,1,1,0,1,0,1,0,1,1,0,0,2,43,0.3,1
454,0,1,0,1,1,1,1,0,0,0,0,-2,46,0.5,0
455,0,1,0,1,0,1,0,1,0,0,0,1,40,0.5,1
456,0,1,0,1,1,1,0,0,0,0,0,0,48,0.1,1
457,0,1,0,1,1,1,0,0,1,0,1,0,53,0.5,1
458,1,1,0,1,0,1,0,1,1,0,0,4,35,0.3,0
459,0,1,0,1,0,1,1,0,0,1,0,-4,51,0.3,0
460,1,1,0,1,1,1,1,0,1,0,0,2,26,0.5,0
461,0,1,0,1,1,1,0,0,1,0,0,-2,46,0.3,1
462,1,1,0,1,1,1,1,1,0,0,0,2,39,0.5,1
463,1,1,0,1,0,1,1,1,0,0,0,0,38,0.1,0
464,1,1,0,1,0,1,1,1,0,0,0,4,40,0.5,1
465,1,1,0,1,0,1,1,1,0,0,0,5,36,0.5,1
466,0,1,0,1,0,1,1,0,0,0,0,0,56,0.0,1
467,1,1,0,1,1,1,1,1,0,0,0,5,23,0.5,1
468,1,1,0,1,0,1,1,1,0,0,0,5,39,0.5,1
469,0,1,0,1,1,1,1,0,0,0,1,-2,22,0.3,1
470,1,1,0,0,0,1,1,1,0,0,0,3,27,0.5,0
471,1,1,0,1,1,1,1,1,0,0,0,0,23,0.3,1
472,1,1,0,1,1,1,1,1,0,0,0,2,21,0.3,1
473,1,1,1,1,1,1,1,1,1,1,1,3,33,0.3,0
474,0,0,0,1,1,1,1,0,0,0,1,-5,24,0.0,1
475,1,1,0,1,1,1,1,1,0,1,0,5,22,1.0,1
476,0,0,0,1,1,1,1,0,0,0,1,-5,54,0.3,1
477,0,1,1,1,1,0,0,0,1,0,1,-3,56,0.3,1
478,1,1,0,1,1,1,1,1,0,0,0,4,20,0.5,0
479,1,1,1,0,0,0,0,1,1,1,0,4,41,0.5,1
480,0,1,1,0,0,1,0,1,1,0,0,4,70,0.5,0
481,1,1,0,1,1,1,1,1,0,1,0,4,54,0.5,1
482,1,1,0,1,1,1,0,1,1,1,0,3,23,0.5,0
483,1,1,0,0,0,1,1,1,0,1,0,2,61,0.5,1
484,0,1,0,1,0,1,0,1,1,0,0,1,52,0.8,1
485,1,1,0,1,0,1,1,1,0,1,0,3,61,0.8,1
486,0,1,1,1,0,1,1,0,0,0,1,-2,66,0.3,1
487,1,1,0,1,1,1,0,1,1,0,0,1,40,0.5,1
488,1,1,1,1,1,1,1,1,1,1,1,5,26,0.0,0
489,0,1,0,0,1,1,0,0,1,1,0,2,32,0.5,0
490,1,1,0,1,1,1,1,1,0,0,0,-2,60,0.3,0
491,1,1,0,1,0,1,1,1,0,0,0,3,38,0.5,0
492,1,1,0,1,1,1,0,1,1,0,0,3,29,0.3,0
493,0,0,0,1,1,1,0,0,1,0,0,-5,69,0.0,0
494,0,1,0,1,1,1,1,0,0,0,0,2,64,0.1,0
495,0,1,0,1,1,1,0,0,0,0,1,-5,40,0.0,0
496,1,1,0,1,1,1,0,1,1,0,0,1,42,0.5,0
497,1,1,0,1,0,1,1,1,0,0,0,-5,64,0.5,1
498,1,1,0,1,1,1,0,1,1,1,0,5,22,0.8,0
499,1,1,0,1,1,1,1,1,0,0,0,2,57,0.3,1
500,1,1,0,1,1,1,0,1,1,0,0,2,28,0.3,1
501,1,1,0,1,0,1,1,1,0,1,0,5,41,0.5,1
502,1,1,1,1,1,1,0,1,1,0,0,0,56,1.0,0
503,1,1,0,0,0,1,1,1,0,1,0,3,50,0.5,1
504,0,1,0,1,1,1,1,0,1,0,1,-5,68,0.0,0
505,0,1,0,1,0,1,0,1,1,0,1,-5,62,0.1,0
506,1,1,0,1,1,1,1,1,0,0,0,4,58,0.3,1
507,1,1,0,0,0,1,1,1,0,1,0,5,47,1.0,0
508,1,1,0,1,0,1,0,1,1,1,0,3,35,0.5,1
509,1,1,1,1,0,1,1,1,0,0,0,4,58,0.5,0
510,1,1,0,1,1,1,1,1,0,0,0,5,21,0.8,1
511,1,1,0,1,0,1,1,1,0,1,0,3,53,0.3,1
512,1,1,0,1,0,1,1,1,0,1,0,5,38,0.5,1
513,1,1,0,1,0,1,0,1,1,0,0,5,59,0.5,0
514,1,1,0,1,1,1,0,1,1,0,0,4,39,0.8,1
515,1,1,0,1,1,1,0,1,0,0,0,2,36,0.3,1
516,1,1,0,1,1,1,1,1,0,0,0,5,26,1.0,1
517,0,1,0,1,0,1,0,1,1,0,0,-1,53,0.8,0
518,1,1,0,0,0,1,1,1,0,1,0,5,64,0.5,1
519,0,1,0,1,1,1,0,1,1,1,1,-3,56,0.3,1
520,0,1,0,1,1,1,0,0,1,0,0,-5,65,0.0,0
521,0,0,0,0,1,0,0,0,0,0,1,-5,40,0.0,0
522,1,1,0,0,0,1,1,1,0,1,0,5,68,0.5,0
523,1,1,0,1,0,1,1,1,0,0,0,4,65,1.0,0
524,1,1,0,1,1,1,1,1,0,0,0,2,52,0.5,1
525,0,1,0,1,0,1,1,0,0,1,0,-4,37,0.1,1
526,0,0,0,1,1,1,1,0,1,0,1,-5,32,0.1,0
527,1,1,1,1,0,1,1,1,0,0,0,5,51,0.8,1
528,1,1,0,1,1,1,1,1,0,1,0,3,52,0.3,1
529,1,1,0,0,0,1,0,1,1,1,0,4,57,0.3,1
530,1,1,0,1,0,1,1,1,0,1,0,5,55,0.3,1
531,0,1,0,1,0,1,0,1,1,0,0,0,38,0.5,1
532,0,1,0,1,1,1,1,0,0,0,0,2,44,0.8,1
533,1,1,0,1,0,1,0,1,1,0,0,3,56,0.1,1
534,0,1,0,1,1,0,0,0,0,0,0,1,67,0.1,1
535,1,1,0,1,0,1,0,1,0,1,0,3,43,0.5,1
536,0,1,0,1,0,1,1,1,0,0,0,1,39,0.3,0
537,1,1,0,1,1,1,1,1,0,0,0,2,27,0.8,1
538,1,1,0,1,1,1,0,1,0,0,0,1,29,0.1,1
539,0,1,0,0,1,1,1,0,0,0,0,-1,24,0.1,0
540,0,1,0,1,1,1,0,0,1,0,1,-5,37,0.3,0
541,1,1,0,1,1,1,0,1,1,0,1,1,22,0.5,1
542,0,1,0,1,0,1,0,1,1,1,1,-2,55,0.0,1
543,0,1,0,1,1,1,1,0,0,0,0,-2,50,0.1,0
544,1,0,0,0,0,1,0,1,1,1,0,1,26,0.5,0
545,0,1,0,1,0,1,1,1,0,0,0,0,55,0.3,1
546,1,1,0,1,0,1,1,1,0,0,0,2,48,0.5,1
547,1,1,0,1,0,1,0,1,1,0,0,4,25,0.8,1
548,1,1,0,1,1,1,1,1,1,0,0,4,32,1.0,0
549,0,1,0,1,1,1,0,0,1,0,1,1,28,0.3,1
550,0,1,0,1,0,1,1,0,0,0,0,-1,52,0.1,1
551,1,1,0,1,0,1,1,0,0,0,0,1,30,0.8,0
552,1,1,0,1,0,1,1,1,0,0,0,-2,52,0.1,1
553,1,1,0,0,0,1,1,1,0,0,0,4,55,0.5,1
554,0,0,0,1,1,1,0,0,1,0,1,-5,35,0.1,1
555,1,1,0,1,0,1,1,1,0,0,0,3,29,0.8,0
556,1,1,0,1,1,1,1,1,0,0,0,2,55,0.1,0
557,0,1,0,1,1,1,1,1,0,0,1,1,50,0.3,1
558,0,1,0,1,1,1,1,0,0,0,1,-2,34,0.8,0
559,0,1,0,1,0,1,1,1,0,0,0,0,59,0.0,1
560,1,1,1,0,0,1,0,1,1,1,0,4,40,0.8,0
561,1,1,0,1,0,1,1,1,0,0,0,3,39,0.5,1
562,0,1,0,1,1,0,0,1,0,1,0,0,46,0.3,1
563,1,1,0,0,0,0,1,1,0,0,0,5,25,0.8,0
564,0,1,0,1,1,0,0,0,1,0,1,-3,48,0.3,0
565,1,1,0,1,0,1,1,1,0,0,0,3,56,0.8,1
566,0,1,0,1,1,1,1,0,0,0,1,-3,46,0.1,1
567,1,1,1,1,0,1,1,1,0,1,0,5,44,0.8,0
568,0,1,0,0,0,1,1,0,0,1,1,-5,55,0.1,1
569,1,1,0,1,1,1,1,1,0,0,0,3,63,1.0,0
570,0,1,0,1,1,1,0,1,1,0,0,1,58,0.3,0
571,1,1,0,1,1,1,1,1,0,0,0,4,18,0.5,0
572,0,1,0,1,0,1,0,1,1,0,0,0,60,0.3,0
573,0,1,0,1,0,1,1,0,0,0,0,-5,63,0.1,1
574,1,1,0,1,1,1,1,1,0,0,0,3,30,0.5,1
575,0,1,0,1,1,0,0,0,1,0,0,-5,67,0.0,1
576,0,0,0,1,1,1,0,0,1,0,0,-5,65,0.0,1
577,1,1,1,1,1,1,1,1,0,1,0,3,61,0.5,1
578,0,1,0,1,0,1,0,1,0,0,0,2,52,0.8,0
579,1,1,0,1,1,1,0,1,1,0,0,-3,23,0.1,1
580,0,1,0,1,1,0,0,0,1,0,1,-4,41,0.3,1
581,1,1,0,1,1,1,1,1,0,0,1,0,57,0.3,0
582,0,1,0,1,0,1,1,0,0,0,0,0,46,0.1,1
583,1,1,0,1,1,1,0,1,1,0,0,-2,36,0.3,0
584,0,0,0,1,1,1,1,0,1,1,1,-5,54,0.0,0
585,1,1,0,1,1,1,1,1,0,0,0,2,37,0.5,0
586,1,1,0,1,1,1,1,1,0,0,0,5,33,0.8,1
587,1,1,0,1,1,0,1,1,0,0,0,3,26,0.8,0
588,1,1,0,0,0,0,0,1,1,1,0,4,27,0.8,0
589,0,1,0,1,0,1,1,0,0,0,1,-5,34,0.1,0
590,1,1,0,1,0,0,1,1,0,0,0,2,49,0.5,0
591,1,1,0,1,0,1,1,1,0,1,0,3,34,0.8,1
592,0,1,0,1,1,1,1,0,0,0,1,3,37,0.5,1
593,0,1,0,1,1,1,0,0,0,1,0,-4,62,0.1,0
594,0,1,0,1,0,1,1,0,0,0,0,2,54,0.5,0
595,0,1,1,1,1,1,1,1,1,1,0,-3,37,0.1,1
596,1,1,1,1,1,1,1,1,0,0,0,1,57,0.3,0
597,0,0,0,1,1,0,0,0,1,0,1,-1,48,0.3,0
598,0,1,0,1,1,1,1,0,0,0,1,-5,59,0.0,1
599,1,1,0,1,0,1,1,1,0,1,0,4,52,0.5,1
600,0,1,0,1,1,1,1,1,0,0,0,1,36,0.3,1
601,0,1,0,1,1,1,1,0,0,0,0,-3,35,0.3,0
602,0,1,0,1,1,1,0,0,1,0,1,-4,43,0.1,0
603,0,1,0,1,0,1,1,0,0,0,1,-4,60,0.0,1
604,0,1,0,1,1,1,1,0,0,0,0,-3,32,0.0,1
605,1,1,0,1,0,1,1,1,0,0,0,4,62,0.8,0
606,1,1,0,1,1,1,0,1,1,0,0,4,45,0.5,0
607,1,1,0,1,0,1,1,1,0,0,0,4,45,0.5,0
608,0,0,0,0,0,0,0,0,1,0,1,-5,34,0.5,0
609,0,1,0,1,0,1,1,0,0,0,1,-5,55,0.1,0
610,0,1,1,1,0,1,0,1,0,0,1,-1,36,0.3,0
611,0,1,0,0,0,1,1,0,0,0,0,0,29,0.1,0
612,0,1,0,1,0,1,1,0,0,0,1,-5,64,0.5,1
613,0,1,0,1,0,1,1,0,0,0,0,-3,66,0.5,1
614,0,1,0,1,0,1,0,1,0,0,0,3,49,0.5,1
615,1,1,0,1,0,1,1,1,0,0,0,2,25,0.3,1
616,0,1,0,1,0,1,1,1,0,1,0,2,58,0.5,1
617,0,1,0,1,0,1,1,1,0,0,0,2,56,0.1,1
618,1,1,0,0,0,1,1,1,1,0,0,3,29,0.3,1
619,0,1,0,1,1,1,1,1,0,0,0,-1,70,0.1,1
620,0,1,0,1,1,1,1,0,0,0,1,-3,37,0.3,1
621,1,1,0,1,0,1,0,1,1,0,0,2,38,0.8,0
622,1,1,0,1,0,1,1,1,0,1,0,0,59,0.1,1
623,0,1,0,1,1,1,1,0,0,0,0,-3,20,0.3,1
624,1,1,0,0,0,1,1,1,0,1,0,5,69,0.5,1
625,0,1,0,1,1,1,0,1,1,0,0,1,66,0.5,1
626,0,1,0,1,0,1,1,1,0,0,0,2,53,0.5,1
627,0,0,0,1,1,1,1,0,0,0,1,-5,60,0.0,1
628,1,1,0,1,0,1,1,1,0,0,0,3,38,0.8,1
629,0,1,0,1,1,0,0,0,1,0,1,0,34,0.3,1
630,1,1,1,1,0,1,0,1,0,0,0,2,45,0.3,1
631,1,1,0,1,0,1,1,1,0,0,0,3,30,0.3,0
632,0,0,0,1,1,1,0,0,1,0,1,-5,38,0.0,0
633,1,1,0,0,0,1,0,0,0,0,0,1,55,0.5,0
634,1,1,0,1,0,1,0,1,0,0,0,2,35,0.5,1
635,0,1,0,0,0,1,1,1,0,0,0,-3,49,0.1,1
636,0,1,0,1,1,1,1,0,0,0,0,0,60,0.1,1
637,0,0,0,1,1,0,1,0,0,1,0,-2,48,0.3,1
638,1,1,0,1,0,1,1,1,0,0,0,2,43,0.5,1
639,1,1,0,1,1,1,0,1,1,0,0,-4,39,0.1,0
640,1,1,0,1,0,1,1,1,0,0,0,0,23,0.8,0
641,1,1,0,1,1,1,1,1,0,0,0,4,51,0.5,1
642,0,1,0,1,1,1,1,0,0,0,1,-5,21,0.0,1
643,1,1,0,1,0,1,1,1,0,0,0,0,70,0.1,1
644,0,1,0,1,0,1,0,0,1,0,1,-5,56,0.1,0
645,0,0,0,1,0,0,0,0,1,0,1,-1,33,0.1,1
646,1,1,0,1,0,1,1,1,0,0,0,3,58,0.3,0
647,1,1,0,1,1,0,0,1,1,0,0,3,23,0.5,1
648,1,1,1,1,0,1,1,1,0,0,0,0,63,0.3,1
649,1,1,0,1,0,1,0,1,1,0,0,2,33,0.5,1
650,0,1,0,0,0,0,0,1,1,1,0,1,51,0.1,1
651,1,1,0,1,0,1,0,1,1,0,0,5,27,0.5,0
652,1,1,0,0,0,1,1,1,0,1,0,2,51,0.5,0
653,0,0,0,0,0,0,0,0,0,0,0,-3,69,0.0,0
654,1,1,0,0,0,1,1,1,0,0,0,2,59,0.3,1
655,1,1,0,1,0,1,1,1,0,0,0,3,40,0.5,0
656,1,1,0,1,1,1,1,1,0,0,0,5,20,0.5,1
657,0,1,0,1,1,1,1,0,0,0,1,-5,28,0.0,0
658,1,1,0,1,1,0,0,1,1,0,0,1,31,0.5,0
659,1,1,0,1,1,1,0,1,1,0,0,2,32,0.3,1
660,1,1,0,1,0,1,0,1,0,0,0,3,34,0.8,1
661,0,1,0,1,1,1,1,0,1,0,1,-3,62,0.8,0
662,1,1,0,1,1,1,1,1,0,1,0,0,33,0.3,1
663,0,1,0,1,0,1,0,1,1,0,1,-1,51,0.5,1
664,1,1,0,1,1,1,1,1,0,0,0,4,36,0.3,0
665,1,1,0,1,0,1,0,1,0,0,0,4,22,0.5,1
666,0,0,0,0,0,0,0,0,1,0,1,-5,51,0.0,1
667,0,1,0,1,1,1,0,1,1,0,1,-5,42,0.0,0
668,1,1,0,0,1,1,1,1,0,1,0,2,24,0.5,0
669,1,1,0,1,1,1,0,1,1,0,0,3,18,0.5,0
670,0,1,0,1,1,1,1,0,0,0,1,-5,26,0.1,1
671,0,1,1,1,1,1,1,0,0,1,0,0,57,0.0,0
672,1,1,0,1,0,1,1,1,0,1,0,1,59,0.8,0
673,1,1,0,1,1,1,0,1,1,0,0,0,38,0.3,1
674,1,1,0,1,1,1,1,1,0,0,0,5,26,1.0,1
675,1,1,0,1,0,1,1,1,0,1,0,2,31,0.5,0
676,1,1,0,1,1,1,1,0,0,0,0,2,27,0.1,1
677,0,1,1,1,1,1,0,1,1,0,0,-3,55,0.0,0
678,1,1,0,0,0,1,1,1,0,1,0,4,47,1.0,0
679,0,0,0,1,1,0,0,0,1,0,1,-4,52,0.0,0
680,1,1,0,1,0,1,1,1,0,1,0,5,58,0.8,0
681,1,1,0,1,1,1,1,1,0,0,0,2,30,0.3,1
682,1,1,0,1,1,1,0,1,1,0,0,-1,38,0.3,1
683,1,1,0,1,0,1,1,1,0,0,0,4,49,0.8,1
684,1,1,0,1,0,1,0,0,0,0,0,3,37,0.5,0
685,1,1,0,1,1,1,0,0,1,0,0,3,39,0.5,0
686,1,1,0,1,0,1,1,1,0,0,0,4,60,0.8,0
687,1,1,0,1,0,0,1,1,0,0,0,3,50,0.8,0
688,1,1,0,1,0,1,1,1,0,0,0,4,25,0.8,0
689,0,1,0,1,1,1,1,0,0,0,1,-4,64,0.0,0
690,0,0,0,1,0,0,0,0,1,0,1,-3,62,0.1,0
691,0,1,0,1,1,1,1,0,0,0,1,-2,37,0.1,0
692,1,1,0,0,0,1,0,0,1,1,0,2,68,0.3,0
693,1,1,0,1,1,1,1,1,0,0,0,2,24,0.5,1
694,1,1,1,0,1,1,1,1,0,1,0,1,26,0.8,0
695,0,1,0,1,1,1,0,0,1,0,0,2,49,0.5,1
696,0,1,0,0,0,0,0,0,1,0,0,-2,43,0.8,0
697,1,1,0,1,1,1,1,1,0,0,1,4,53,0.5,1
698,1,1,0,1,1,1,1,1,0,0,0,2,41,0.5,0
699,0,1,0,1,1,1,1,0,0,0,1,-5,35,0.3,1
700,0,0,0,1,1,0,0,0,1,0,1,-5,60,0.0,0
701,1,1,0,1,1,1,1,1,0,0,0,2,35,0.8,0
702,0,1,0,1,1,1,0,0,1,0,1,0,54,0.3,0
703,1,1,0,1,1,1,1,1,1,0,0,4,23,0.8,1
704,0,1,0,0,1,1,1,0,0,1,0,0,41,0.1,1
705,0,1,0,1,1,0,0,0,1,0,1,-5,57,0.1,1
706,0,0,0,1,0,1,1,0,0,0,1,-5,64,0.0,1
707,1,1,0,1,1,1,1,1,0,0,0,2,59,0.5,1
708,1,1,0,1,0,1,1,1,0,0,0,4,38,0.5,1
709,0,1,0,1,0,1,1,1,0,0,0,1,66,0.3,0
710,1,1,0,1,0,1,1,1,0,0,0,4,49,0.8,1
711,1,1,1,1,1,1,0,1,1,0,0,0,48,0.3,1
712,0,1,0,1,1,0,0,0,1,0,0,-5,63,0.1,1
713,1,1,0,1,0,1,1,1,0,0,0,1,64,0.3,1
714,0,1,0,1,1,1,1,0,0,0,0,-1,56,0.3,1
715,1,1,0,1,0,1,1,1,0,0,0,3,24,1.0,1
716,0,0,0,1,0,1,1,0,0,0,1,0,57,0.1,1
717,0,0,0,1,1,1,1,0,0,1,1,-4,59,0.1,0
718,1,1,0,1,0,1,1,1,0,1,0,4,39,0.5,1
719,1,1,0,1,0,1,1,1,0,1,0,5,37,0.8,1
720,1,1,1,0,0,1,1,1,0,1,0,0,65,0.1,0
721,0,1,0,1,0,1,0,0,0,0,1,-5,55,0.3,0
722,1,1,0,1,1,1,1,1,0,0,0,-2,34,0.1,1
723,0,1,0,1,0,1,1,0,0,0,0,1,31,0.8,1
724,1,1,0,1,1,1,1,1,0,1,0,0,23,0.5,1
725,0,1,0,1,1,1,1,0,0,0,0,0,42,0.5,1
726,1,1,0,1,1,1,0,1,1,0,0,1,31,0.1,0
727,0,1,0,1,0,1,1,1,0,0,0,1,32,0.5,1
728,0,1,0,1,0,1,0,0,1,0,0,0,49,0.3,1
729,0,1,0,0,1,1,1,0,0,0,1,0,59,0.5,0
730,1,1,0,1,1,1,0,0,0,0,0,5,21,1.0,1
731,1,1,0,1,0,1,0,1,1,0,0,3,25,0.5,1
732,0,1,0,1,1,1,1,0,0,0,0,2,24,0.5,0
733,0,1,0,1,0,1,1,1,0,0,0,-5,58,0.0,0
734,0,1,0,1,0,1,0,0,1,0,0,0,54,0.3,0
735,0,0,0,1,1,1,0,0,1,0,1,-5,62,0.0,0
736,0,1,0,1,1,1,0,0,1,0,0,3,31,0.5,0
737,1,1,0,1,1,1,1,1,1,1,1,1,21,0.5,1
738,0,1,0,1,0,1,1,0,0,0,0,2,48,0.5,0
739,1,1,1,1,1,1,1,1,0,0,1,0,30,0.3,1
740,1,1,0,1,1,1,1,1,0,0,1,2,36,0.8,1
741,1,1,0,1,1,1,1,1,0,0,0,2,21,0.3,1
742,0,1,0,1,1,1,1,0,0,0,0,2,63,0.3,1
743,1,1,0,1,1,0,1,0,0,1,0,1,33,0.8,0
744,1,1,0,1,1,1,1,1,0,0,0,5,18,0.8,1
745,1,1,0,1,1,1,1,1,0,0,0,2,20,0.5,0
746,0,1,0,1,1,1,1,1,0,0,0,0,56,0.5,1
747,1,1,0,1,1,1,1,1,0,1,0,3,38,0.3,1
748,0,1,0,1,0,1,1,0,0,0,0,1,43,0.3,0
749,0,1,0,1,1,1,0,1,1,0,1,0,18,0.3,0
750,0,1,0,1,1,1,1,0,1,0,0,3,19,0.8,0
751,0,1,1,1,0,1,0,0,1,0,1,-2,43,0.3,0
752,0,0,0,1,1,1,0,0,1,0,1,-5,50,0.0,0
753,1,1,0,1,1,1,0,0,1,0,0,-3,54,0.5,1
754,1,1,0,1,1,1,1,1,0,0,0,2,23,0.8,0
755,0,1,0,1,1,1,1,1,1,0,1,0,40,0.3,0
756,1,1,1,1,0,1,0,1,1,1,0,2,52,0.3,1
757,0,1,0,1,0,1,1,0,0,0,0,0,35,0.3,0
758,0,1,0,1,0,1,0,0,1,0,0,1,41,0.5,0
759,0,0,0,1,1,1,0,0,1,0,1,-4,60,0.1,0
760,1,1,0,1,0,1,1,1,0,1,0,3,66,0.3,1
761,0,1,1,1,1,1,1,1,0,1,0,-1,45,0.3,0
762,0,1,0,1,1,0,0,0,1,0,1,-5,39,0.5,0
763,0,1,1,1,1,1,1,1,1,0,0,1,49,0.1,1
764,1,1,0,1,1,1,1,1,0,0,0,1,58,0.5,1
765,1,1,0,0,0,1,1,1,0,1,0,3,32,0.3,1
766,1,1,0,1,0,0,0,1,1,1,0,3,34,0.5,1
767,0,1,0,1,1,1,1,0,0,0,1,-2,50,0.5,1
768,0,1,0,1,0,1,0,0,0,0,1,-5,58,0.0,1
769,0,1,0,1,1,1,1,1,0,0,1,-3,34,0.1,1
770,1,1,0,1,0,1,1,1,0,0,0,3,53,0.3,1
771,1,1,0,1,0,1,0,1,1,0,0,3,46,0.5,0
772,1,1,0,1,1,0,0,0,1,0,0,0,54,0.1,1
773,1,1,0,1,0,1,1,1,0,0,0,4,29,0.5,0
774,1,1,0,1,0,1,1,1,0,0,0,4,38,0.5,1
775,1,1,0,1,1,1,1,0,1,1,0,2,52,0.3,1
776,1,1,0,1,1,1,0,1,1,0,0,1,32,0.5,1
777,0,1,1,1,1,1,1,1,0,0,0,2,65,0.5,1
778,1,1,0,1,0,1,0,0,0,0,0,0,44,0.3,0
779,0,1,0,1,0,1,1,0,0,1,0,-1,42,0.5,0
780,1,1,0,1,0,1,0,1,1,0,0,4,37,0.5,1
781,1,1,0,1,0,0,0,1,1,0,0,0,24,1.0,0
782,0,1,1,1,1,1,0,1,0,0,1,0,69,0.0,1
783,0,1,1,1,1,1,1,1,0,0,1,0,39,0.5,0
784,1,0,0,0,0,1,0,1,0,1,0,4,55,0.5,0
785,1,1,0,1,1,1,0,1,1,0,0,2,47,0.3,1
786,1,1,0,1,0,1,0,1,1,1,0,5,46,0.5,1
787,1,1,0,1,0,1,0,1,1,0,0,0,63,0.3,1
788,0,0,0,1,1,1,1,0,0,0,1,-4,64,0.0,1
789,1,1,0,1,1,1,0,0,1,0,1,3,34,0.3,1
790,0,1,0,1,1,1,0,0,1,0,1,-2,30,0.8,0
791,1,1,0,1,1,1,1,1,0,0,0,2,37,0.1,1
792,1,1,0,1,0,1,0,1,1,1,0,4,48,0.5,0
793,1,1,0,1,1,1,1,1,0,1,0,3,32,0.5,1
794,0,1,0,1,1,1,0,1,0,0,0,-1,24,0.1,1
795,1,1,1,0,0,1,1,1,0,1,0,4,65,0.3,0
796,0,1,0,1,1,1,1,0,0,0,0,-3,64,0.3,0
797,0,1,0,0,0,1,0,0,0,0,0,0,64,0.3,0
798,1,1,0,1,0,1,1,1,0,1,0,2,50,0.5,0
799,1,1,0,1,0,1,0,1,1,0,0,2,55,0.5,0
800,0,1,1,1,1,1,1,0,0,0,0,-2,70,0.1,0
801,0,0,0,1,1,0,1,0,0,0,1,-2,35,0.0,1
802,0,0,0,0,0,0,0,0,0,0,0,-5,24,0.0,0
803,0,1,0,1,1,1,0,0,1,0,1,-5,18,0.1,0
804,1,1,0,1,1,1,1,1,0,0,0,4,30,0.5,1
805,0,1,0,1,1,1,0,0,0,0,1,-3,59,0.1,0
806,1,1,0,1,0,1,0,1,1,0,0,3,64,0.5,0
807,0,1,1,1,1,1,1,1,0,0,0,-3,62,0.1,0
808,0,1,0,1,0,0,0,0,1,0,0,-3,63,0.1,1
809,1,1,0,1,1,0,0,1,0,0,0,3,36,0.8,0
810,0,1,0,1,1,0,0,0,1,0,0,0,32,0.3,0
811,1,0,0,0,1,1,0,1,1,0,0,5,61,0.8,1
812,1,1,0,1,0,1,0,1,1,0,0,4,42,0.8,1
813,1,1,0,1,0,1,1,1,0,0,0,5,43,0.5,1
814,0,1,0,1,0,0,0,0,0,0,0,0,44,0.1,1
815,0,0,0,1,1,1,0,1,1,0,0,2,19,0.8,0
816,0,1,0,1,1,1,0,1,1,0,0,1,53,0.3,1
817,1,1,0,1,0,1,1,1,0,0,0,2,32,0.3,0
818,0,1,0,1,1,1,0,0,1,0,0,0,52,0.5,1
819,0,1,0,1,0,1,1,0,0,0,1,-3,60,0.0,0
820,0,1,0,1,1,1,0,0,1,0,0,-1,53,0.3,1
821,0,1,0,1,1,1,1,0,0,0,1,-5,33,0.1,1
822,1,0,1,0,0,0,0,0,1,1,0,5,40,0.5,1
823,1,1,0,1,0,1,0,1,1,0,0,-2,63,0.1,0
824,1,1,1,0,0,1,1,1,0,1,0,3,47,0.8,0
825,1,1,0,1,0,1,0,1,0,0,0,3,25,0.5,1
826,0,1,0,1,0,1,1,0,0,0,0,-3,38,0.3,0
827,1,1,0,1,1,1,1,1,0,0,0,5,28,0.8,1
828,0,1,0,1,1,1,0,0,1,1,0,0,57,0.1,0
829,1,1,0,1,0,1,1,1,0,1,0,4,56,0.8,1
830,1,1,0,1,1,1,0,1,1,0,0,3,35,0.3,0
831,0,0,0,1,1,1,0,0,1,0,1,-3,62,0.1,0
832,1,1,0,1,0,1,0,1,1,0,0,1,37,0.3,1
833,0,1,0,1,1,1,1,0,0,1,0,1,63,0.8,0
834,0,1,1,0,0,1,0,0,1,1,0,1,57,0.1,0
835,0,1,0,1,1,1,1,0,0,0,0,-1,53,0.1,1
836,0,1,0,1,1,1,1,0,0,0,1,2,49,0.8,1
837,0,1,1,1,1,1,1,1,0,0,0,1,56,0.0,0
838,0,1,1,1,0,1,1,1,0,0,0,1,50,0.5,0
839,1,1,0,1,0,1,1,1,0,0,0,4,59,0.1,1
840,1,1,0,1,0,1,1,1,0,1,0,5,32,0.5,1
841,1,1,0,1,0,1,0,1,0,0,0,4,44,0.5,1
842,0,1,0,1,1,1,0,0,1,0,0,1,34,0.5,1
843,0,1,0,1,0,1,1,0,0,0,1,0,51,0.1,1
844,1,1,0,1,1,1,1,1,0,0,0,1,33,0.5,0
845,1,1,0,1,1,1,1,1,0,1,0,2,36,0.5,1
846,1,1,0,1,1,1,0,1,1,1,0,3,24,1.0,1
847,1,1,0,1,0,1,1,1,0,0,0,3,42,0.5,1
848,0,1,0,1,1,1,0,0,1,0,1,-5,45,0.0,0
849,0,1,0,1,1,1,0,0,1,0,1,0,48,0.3,1
850,1,1,0,1,0,1,1,1,0,0,0,5,34,1.0,1
851,1,1,0,1,0,1,1,1,0,0,0,5,28,0.8,1
852,0,0,0,0,0,0,0,0,0,0,0,0,55,0.1,1
853,1,1,0,1,1,1,1,1,0,1,0,2,29,0.3,1
854,1,1,0,0,0,1,1,1,0,1,0,5,40,0.5,1
855,1,1,0,1,1,1,0,1,1,0,0,0,44,0.3,0
856,0,1,1,1,1,1,0,0,1,0,1,-5,49,0.1,0
857,1,1,0,1,0,1,1,1,0,0,0,3,29,0.5,0
858,1,1,0,1,1,1,1,1,0,0,0,4,40,0.8,0
859,0,0,0,1,0,1,1,0,1,0,0,3,30,1.0,0
860,1,1,0,1,0,1,1,1,0,0,0,2,34,0.5,0
861,1,1,1,1,1,1,1,1,0,0,0,1,60,0.3,0
862,0,1,0,1,0,1,1,1,0,0,0,2,66,0.5,0
863,1,1,0,0,0,1,0,1,1,1,0,3,51,0.3,0
864,0,0,0,1,1,1,1,0,0,0,1,-5,44,0.1,0
865,1,1,0,0,0,1,1,1,0,1,0,3,64,0.1,0
866,1,1,0,0,0,1,1,0,1,1,0,3,37,0.3,1
867,0,0,0,1,1,0,0,0,1,0,1,-5,51,0.0,0
868,1,1,0,1,0,1,1,1,0,0,0,4,30,0.8,0
869,0,1,1,1,1,1,1,0,0,1,1,-4,53,0.1,0
870,0,0,0,1,1,0,1,1,0,0,0,1,48,0.5,0
871,0,1,0,1,1,1,0,0,1,0,0,-2,67,0.1,1
872,0,1,0,1,1,1,0,0,1,0,1,-5,39,0.0,0
873,1,1,0,1,0,1,1,1,0,1,0,3,67,0.3,1
874,0,1,0,1,1,1,0,0,0,0,1,-3,61,0.0,0
875,0,1,0,1,0,0,0,1,1,0,0,2,57,0.3,0
876,0,1,0,1,0,0,1,0,0,0,1,-5,64,0.1,0
877,0,1,0,1,1,1,1,1,0,0,1,-4,64,0.1,1
878,1,1,0,1,1,1,1,1,1,1,0,4,34,0.8,1
879,1,1,1,1,1,1,1,1,1,1,0,4,45,0.8,0
880,1,1,0,1,0,1,1,1,0,0,0,3,34,0.5,0
881,0,1,0,1,1,1,1,0,0,0,1,-5,67,0.1,0
882,0,0,0,1,0,1,0,0,0,0,1,-5,38,0.0,1
883,1,1,0,1,1,1,1,1,1,0,0,2,22,0.8,0
884,1,1,1,0,0,1,1,1,0,0,0,5,57,0.8,1
885,1,1,0,0,0,1,1,1,0,0,0,2,65,0.3,1
886,0,1,0,1,1,1,0,0,0,0,0,-2,63,0.1,0
887,0,1,0,1,1,1,0,0,1,0,1,0,49,0.1,0
888,0,1,0,1,1,1,1,0,0,0,1,-2,36,0.1,0
889,0,0,1,1,1,0,0,0,0,1,1,-1,60,0.0,1
890,0,1,0,1,1,1,0,0,1,0,1,-3,62,0.1,1
891,1,1,0,1,0,1,1,1,1,0,0,5,55,0.8,0
892,1,1,0,1,0,1,0,1,0,0,0,3,41,0.5,1
893,0,1,0,1,1,1,0,0,1,0,1,-2,46,1.0,0
894,1,1,0,1,0,1,1,1,0,0,0,3,51,0.5,1
895,1,1,0,0,0,1,0,1,0,1,0,5,61,0.3,1
896,1,1,0,1,0,1,0,1,1,1,0,3,38,0.8,1
897,0,1,0,1,1,1,0,0,1,0,1,-4,59,0.0,1
898,1,1,0,0,0,1,0,1,0,1,0,4,36,0.5,0
899,0,1,0,1,1,1,1,0,0,0,0,0,62,0.0,1
900,0,1,1,1,1,1,0,1,1,0,0,0,58,0.5,0
901,1,1,0,1,1,1,1,1,0,0,0,4,23,0.8,1
902,0,1,0,1,0,1,0,0,1,0,1,-5,50,0.3,1
903,1,1,0,1,0,1,0,1,1,0,0,4,25,0.5,1
904,0,1,0,1,0,1,1,1,0,0,0,1,55,0.5,0
905,0,1,0,1,1,1,1,0,1,0,1,-5,48,0.1,0
906,0,0,0,1,0,1,0,0,0,0,1,-5,62,0.0,1
907,1,1,0,1,0,1,1,1,0,0,0,2,61,0.3,1
908,1,1,0,1,1,1,0,1,1,0,0,4,32,1.0,1
909,0,1,0,0,0,1,1,0,0,1,0,0,49,0.3,0
910,1,1,1,1,1,1,1,1,1,1,1,3,20,0.5,0
911,0,1,0,1,1,1,0,0,1,0,1,1,43,0.3,1
912,0,0,0,0,0,1,1,0,0,0,0,-5,63,0.0,1
913,1,1,0,0,0,1,1,1,0,1,0,4,60,0.5,1
914,0,1,0,1,0,1,1,0,0,0,0,1,68,0.1,1
915,1,1,0,1,0,1,1,1,0,0,0,3,64,0.5,0
916,0,1,0,1,1,1,1,0,0,0,1,-5,57,0.1,0
917,1,1,0,0,0,1,1,1,0,0,0,4,71,0.5,0
918,1,1,0,1,1,1,1,1,0,0,1,3,30,0.3,1
919,1,1,0,0,0,1,1,1,0,1,0,5,61,1.0,0
920,1,0,0,0,0,1,1,1,0,0,0,1,55,0.5,1
921,1,1,0,0,0,1,0,0,1,0,0,-3,53,0.5,0
922,1,1,0,1,0,1,0,1,1,0,0,4,45,0.3,0
923,1,1,0,1,0,1,1,1,0,0,0,3,41,0.5,0
924,1,1,0,1,1,1,0,1,1,1,0,3,30,0.3,0
925,0,1,0,1,0,1,1,0,0,0,0,2,42,0.8,1
926,1,1,0,0,0,1,1,1,0,0,0,3,22,0.8,1
927,1,1,0,1,0,1,1,1,0,0,0,3,46,0.3,1
928,1,1,0,1,0,1,0,1,0,0,0,5,43,0.5,0
929,1,1,0,0,0,1,1,1,0,1,0,5,33,0.5,1
930,1,1,0,1,1,1,1,1,0,0,0,-2,19,0.0,1
931,1,1,0,1,1,1,0,1,1,0,0,4,24,0.5,0
932,0,1,0,1,1,1,1,0,1,0,1,-4,58,0.1,0
933,0,1,0,1,0,1,0,0,1,0,0,0,59,0.3,0
934,1,1,0,1,0,1,1,1,0,0,0,3,31,0.5,1
935,0,1,0,1,1,1,0,0,1,0,0,2,37,0.5,1
936,0,1,1,1,1,1,1,1,0,0,0,2,56,0.5,0
937,0,1,0,1,1,1,1,1,0,0,0,-2,52,0.3,0
938,0,0,0,1,1,1,1,0,0,0,1,-5,36,0.0,0
939,1,1,0,1,1,1,1,1,0,1,0,4,25,0.5,1
940,1,1,0,1,1,1,0,1,0,0,1,0,20,0.1,0
941,1,0,0,1,1,1,0,1,1,0,0,4,21,0.5,1
942,1,1,0,1,1,1,0,0,1,0,0,-2,59,0.8,1
943,0,1,0,1,0,1,1,0,0,0,0,-4,51,0.1,1
944,0,1,0,1,0,1,1,1,0,0,0,2,50,0.5,1
945,0,1,0,1,0,1,1,0,0,0,0,0,63,0.3,0
946,1,1,0,1,0,1,1,1,0,0,0,1,25,0.3,1
947,0,1,0,1,0,1,1,1,0,0,0,1,51,0.5,0
948,0,1,0,1,1,1,1,1,0,0,0,-1,36,0.1,1
949,1,1,0,1,1,1,0,1,1,0,0,3,31,0.5,1
950,0,1,0,1,0,1,1,0,0,0,0,1,26,0.5,0
951,0,0,0,0,0,0,0,0,0,0,1,-5,30,0.1,0
952,1,1,0,1,0,1,1,1,0,0,0,2,37,0.5,1
953,1,1,0,1,1,1,0,0,0,0,1,-1,30,0.3,0
954,1,1,0,1,1,1,1,1,0,1,0,4,30,0.5,1
955,0,1,1,0,0,1,0,1,1,0,0,4,55,0.3,1
956,0,1,0,1,1,1,1,0,0,0,0,1,19,0.5,1
957,1,1,0,0,0,1,1,1,0,1,0,5,23,1.0,1
958,0,1,0,1,1,1,1,0,0,0,1,-4,26,0.3,1
959,0,1,0,1,0,1,1,0,0,0,0,-1,59,0.1,1
960,1,1,0,0,0,1,0,1,1,1,0,4,23,0.8,0
961,1,1,0,1,1,1,0,1,0,0,0,4,30,0.5,0
962,1,1,0,1,1,1,1,1,0,0,0,3,18,0.3,1
963,0,1,0,0,1,1,1,1,0,0,1,0,51,0.1,0
964,0,0,0,1,1,1,0,0,1,0,1,2,35,0.1,0
965,1,1,0,1,1,1,0,1,1,0,1,3,43,0.8,1
966,0,1,0,1,1,1,0,1,0,0,0,0,56,0.1,1
967,0,1,0,1,0,1,0,0,1,0,0,2,53,0.8,0
968,0,1,0,1,1,1,1,0,0,0,0,-3,47,0.3,1
969,1,1,0,1,1,1,0,1,0,0,0,2,65,0.3,0
970,0,1,0,1,0,1,0,0,0,0,0,0,51,0.0,0
971,1,1,0,1,0,1,0,1,1,0,0,2,33,0.5,1
972,1,1,0,1,1,1,0,1,1,0,0,0,61,0.0,0
973,1,1,0,1,0,1,1,1,0,0,0,0,33,0.5,1
974,1,1,0,1,1,1,1,1,0,1,0,0,25,0.5,0
975,0,1,0,1,1,1,1,1,1,0,1,-5,36,0.0,0
976,1,1,0,1,0,1,1,1,0,1,0,5,47,0.5,0
977,1,1,1,1,0,1,1,1,0,1,0,2,59,0.5,1
978,1,1,0,1,1,1,0,0,1,0,1,-4,37,0.1,1
979,1,1,1,1,1,1,1,1,0,0,0,0,22,0.5,0
980,0,1,0,1,1,1,1,0,0,0,1,-3,48,0.3,0
981,1,1,0,1,0,1,1,1,0,0,1,2,70,0.1,0
982,0,0,0,1,1,1,1,0,1,0,1,-5,51,0.0,0
983,0,1,0,1,0,1,1,0,0,0,0,3,23,0.5,1
984,1,1,1,1,1,1,1,1,1,1,0,5,28,0.3,1
985,1,1,0,1,1,1,0,1,1,0,1,4,39,0.8,0
986,0,1,0,0,0,1,0,1,0,1,0,4,62,0.3,1
987,1,1,0,1,0,1,0,1,1,0,0,5,25,0.8,1
988,1,1,0,1,1,1,0,0,1,0,0,2,27,0.3,1
989,0,1,0,0,0,1,0,0,0,0,0,-2,59,0.3,1
990,0,1,1,1,1,1,1,0,0,0,0,-3,65,0.3,0
991,0,0,0,0,0,0,0,1,1,0,0,-4,54,0.3,1
992,1,1,0,1,0,1,1,1,0,1,0,3,64,0.3,0
993,1,1,0,0,0,1,0,1,0,0,0,2,49,0.5,1
994,1,1,0,1,1,1,1,1,1,0,0,5,22,1.0,1
995,1,1,0,1,1,1,1,1,0,0,0,3,35,0.5,0
996,1,1,0,1,1,1,0,1,1,0,0,4,41,1.0,1
997,1,1,0,1,0,1,1,1,1,1,1,1,32,0.3,0
998,1,1,0,1,1,1,0,1,0,0,0,5,24,0.8,1
999,1,1,0,0,0,1,1,1,0,1,0,5,52,0.8,1
1000,0,0,0,1,1,1,0,0,1,0,1,-5,44,0.1,0
1001,1,1,0,1,0,1,1,1,0,0,0,4,38,0.5,1
1002,1,1,0,1,1,1,1,1,0,0,0,3,43,0.8,1
1003,1,1,0,1,1,1,1,1,0,0,0,1,32,0.1,1
1004,0,1,0,1,0,1,0,0,1,0,0,-1,38,0.3,0
1005,0,1,0,1,1,1,1,0,0,0,0,0,63,0.0,1
1006,1,1,0,1,0,1,0,1,0,1,0,3,46,0.3,1
1007,1,1,0,1,0,1,0,1,0,0,1,3,29,0.3,1
1008,0,0,0,1,1,0,0,0,1,0,1,-5,61,0.0,1
1009,1,1,0,1,1,0,0,0,1,0,0,2,47,0.3,0
1010,1,1,0,1,1,1,0,1,1,0,0,3,31,0.5,0
1011,0,1,0,0,0,1,1,1,0,1,0,3,35,0.8,0
1012,1,1,0,1,0,1,1,1,0,0,0,3,64,0.3,0
1013,1,1,0,1,1,1,1,1,0,0,0,2,26,0.5,1
1014,0,1,1,1,1,1,1,0,0,0,0,-1,55,0.1,1
1015,1,1,0,1,1,1,1,1,0,0,0,3,46,1.0,1
1016,1,1,0,0,0,1,1,1,0,0,0,5,52,0.5,0
1017,0,1,0,1,1,1,0,0,1,0,1,-5,50,0.0,1
1018,1,1,0,1,1,1,1,1,0,0,0,3,33,0.5,0
1019,1,1,0,1,0,1,1,1,0,0,0,5,30,0.5,1
1020,0,1,0,1,0,1,0,0,0,0,0,3,46,0.8,1
1021,0,1,0,1,0,1,1,0,0,0,1,0,60,0.1,1
1022,1,1,0,1,0,0,1,1,0,0,0,3,27,1.0,0
1023,1,1,0,1,0,1,1,1,0,0,0,2,51,0.3,1
1024,1,1,0,0,0,1,1,1,0,1,0,4,41,0.5,1
1025,1,1,0,1,0,1,1,1,0,0,0,2,67,0.5,1
1026,0,0,0,1,1,0,0,0,1,0,1,-5,63,0.0,1
1027,1,1,0,1,0,1,0,1,0,1,0,3,65,0.3,1
1028,0,1,0,1,1,0,0,0,1,0,1,0,59,0.5,0
1029,1,1,0,1,1,1,0,1,1,0,0,0,34,0.1,1
1030,0,1,0,1,1,1,1,1,0,0,0,0,34,0.1,1
1031,1,1,0,1,1,1,1,1,0,0,0,4,53,0.8,1
1032,1,1,0,1,0,1,1,1,0,1,0,2,31,0.8,1
1033,1,1,0,0,0,1,1,1,0,1,0,5,58,0.5,1
1034,1,1,0,0,0,1,1,1,0,0,0,2,39,0.8,0
1035,1,1,1,1,0,1,1,1,0,0,0,4,66,0.5,0
1036,1,1,0,1,0,1,1,1,0,0,0,0,55,0.5,0
1037,1,1,0,1,0,1,0,1,1,0,0,5,28,0.5,1
1038,1,1,0,1,1,0,0,1,1,0,1,-5,34,0.5,1
1039,1,1,0,1,0,1,0,1,1,0,0,4,24,0.5,0
1040,1,1,1,0,0,1,1,0,0,1,0,0,59,0.3,1
1041,1,1,0,0,0,1,1,1,0,1,0,3,67,0.3,1
1042,0,1,0,1,1,1,1,0,0,0,1,1,52,0.5,1
1043,0,1,0,1,0,1,0,1,1,0,0,2,41,0.8,0
1044,1,1,0,1,0,1,1,1,0,1,0,5,37,0.5,1
1045,1,1,0,1,1,1,1,1,0,0,0,5,18,0.8,0
1046,1,1,0,0,0,1,1,1,0,1,0,4,63,0.8,0
1047,1,1,1,1,1,1,1,1,0,0,0,4,24,0.8,0
1048,1,1,0,0,0,1,1,1,0,0,0,5,57,1.0,0
1049,1,1,0,1,0,1,1,1,0,0,0,0,40,0.5,0
1050,1,1,0,1,1,1,0,1,1,0,0,2,20,0.5,0
1051,1,1,0,1,1,1,0,1,0,0,0,1,55,0.3,0
1052,1,1,0,1,1,1,0,1,1,1,0,2,18,0.1,1
1053,1,1,0,1,0,0,0,0,1,0,0,1,42,0.5,0
1054,0,1,0,1,0,1,1,0,1,0,1,-4,47,0.1,1
1055,0,1,0,1,0,1,0,0,1,0,0,3,40,0.3,0
1056,1,1,0,1,0,1,1,1,0,1,0,3,35,0.5,1
1057,1,1,0,1,1,1,1,0,0,0,0,1,64,0.5,0
1058,0,1,0,1,1,0,1,1,0,0,1,-2,50,0.3,1
1059,1,1,0,0,0,1,1,1,0,1,0,5,55,0.8,1
1060,0,0,0,1,1,1,1,0,0,0,1,-4,64,0.0,1
1061,0,1,0,1,1,1,0,0,1,0,1,-4,49,0.1,1
1062,1,1,0,0,0,0,0,1,1,0,0,0,49,0.3,0
1063,0,1,0,1,0,1,1,0,0,0,0,3,49,0.8,1
1064,0,1,0,1,1,1,0,0,1,0,1,-4,50,0.3,0
1065,1,1,0,1,0,1,0,1,1,1,0,0,65,0.1,0
1066,0,1,1,1,1,1,0,0,1,0,1,-5,49,0.8,0
1067,1,1,0,1,1,1,1,1,0,0,0,4,36,0.5,0
1068,1,1,0,1,1,1,0,1,1,1,0,4,31,1.0,1
1069,1,1,0,1,1,1,1,1,0,0,0,5,25,0.8,1
1070,1,1,0,1,0,1,1,1,0,0,0,3,51,0.5,0
1071,0,1,0,1,0,0,0,0,1,0,0,1,41,0.8,0
1072,0,1,0,1,1,1,1,0,0,0,0,-1,58,0.1,1
1073,0,1,1,1,0,1,1,1,0,0,0,0,69,0.5,0
1074,1,1,0,1,0,1,1,1,0,0,0,3,22,0.8,1
1075,1,1,0,1,0,1,0,1,1,0,0,5,39,0.5,0
1076,0,1,0,1,1,0,1,0,0,0,0,-2,58,0.5,1
1077,0,1,0,0,1,0,0,0,1,0,0,-1,47,0.5,0
1078,0,1,0,1,0,1,0,1,1,0,0,1,62,0.8,0
1079,1,1,0,1,0,1,1,1,0,0,0,3,49,0.5,0
1080,0,1,1,1,0,1,1,1,0,0,0,-3,65,0.1,1
1081,1,1,0,1,0,1,1,1,0,1,0,5,39,0.8,1
1082,0,1,0,1,1,0,1,0,0,0,1,-3,33,0.1,1
1083,1,1,0,1,0,0,0,1,1,0,0,4,33,0.8,0
1084,0,1,0,1,0,1,0,1,1,0,0,1,64,0.5,0
1085,0,1,0,1,1,1,1,1,0,0,0,-2,18,0.1,0
1086,1,1,0,1,0,1,1,1,0,1,0,1,67,0.5,0
1087,0,1,0,1,0,1,0,0,1,0,1,-5,62,0.1,1
1088,0,1,0,1,1,1,1,1,0,0,0,-4,56,0.0,1
1089,0,1,0,1,1,0,1,1,0,1,0,-5,36,0.5,1
1090,0,1,0,1,0,0,0,1,0,1,0,1,68,0.1,0
1091,1,1,0,0,0,1,0,1,0,1,0,3,42,0.5,1
1092,1,1,0,1,0,0,0,1,1,0,0,2,39,0.8,0
1093,1,1,0,1,1,1,1,1,0,0,0,3,24,0.5,1
1094,1,1,0,1,1,1,0,1,1,0,0,4,38,0.8,1
1095,1,1,0,0,0,1,0,1,1,0,0,5,52,0.8,0
1096,1,1,0,0,0,1,1,1,0,1,0,2,43,0.8,1
1097,0,1,0,1,0,1,1,0,0,0,0,0,57,0.3,0
1098,0,1,1,1,1,1,1,0,0,0,0,-4,59,0.1,1
1099,0,0,0,1,0,0,0,1,0,0,1,-5,57,0.0,1
1100,1,1,0,1,0,1,1,1,0,0,0,0,43,0.3,0
1101,1,1,0,1,1,1,1,1,0,1,0,5,25,0.8,1
1102,1,1,0,1,0,1,1,1,0,1,0,2,61,0.3,1
1103,1,1,0,1,1,1,0,1,1,0,0,5,25,0.5,1
1104,0,0,0,1,1,1,0,0,1,0,1,-5,70,0.1,1
1105,0,1,0,1,1,1,1,0,0,0,0,2,54,0.3,0
1106,1,1,1,1,0,1,1,1,0,0,0,5,60,0.3,0
1107,0,1,0,1,1,1,0,0,0,0,0,-4,59,0.1,0
1108,0,0,0,1,1,0,0,0,1,0,1,-5,66,0.0,0
1109,1,1,0,1,0,0,1,0,0,1,0,4,51,0.8,0
1110,1,1,0,1,0,1,0,1,1,0,0,1,57,0.5,1
1111,0,1,0,1,1,1,1,0,0,0,0,2,61,0.3,1
1112,1,1,0,1,1,0,0,1,1,1,0,3,31,0.5,1
1113,1,1,0,1,1,1,0,1,1,0,0,2,27,0.8,0
1114,1,1,0,1,1,1,1,1,0,0,0,3,36,0.8,0
1115,0,1,0,1,1,1,0,0,1,0,1,-5,45,0.0,1
1116,0,1,0,1,1,1,1,0,0,0,1,-3,53,0.3,1
1117,0,1,0,0,0,1,1,1,0,1,0,3,42,0.1,1
1118,0,1,0,1,1,1,1,1,0,0,0,0,50,0.1,1
1119,0,1,0,1,0,1,1,0,0,0,1,2,51,0.5,1
1120,0,0,0,1,1,1,0,0,1,0,1,-4,36,0.0,0
1121,1,1,0,1,0,1,0,1,0,0,0,-1,55,1.0,1
1122,0,1,0,1,1,1,0,1,0,0,0,0,67,0.3,0
1123,1,1,0,0,0,1,1,1,0,0,0,0,56,0.5,0
1124,0,1,0,1,1,1,1,0,0,0,0,0,70,0.1,1
1125,0,0,1,1,1,1,1,1,0,0,1,-5,58,0.1,1
1126,0,0,0,1,1,1,0,0,1,0,1,-5,44,0.0,0
1127,0,1,0,1,0,1,1,0,1,0,0,-5,52,0.1,1
1128,1,1,0,1,1,1,1,0,0,0,0,-3,61,0.1,1
1129,1,1,0,1,0,1,1,1,0,0,0,3,33,0.5,1
1130,1,1,0,1,1,1,1,1,0,0,0,4,30,0.5,1
1131,0,0,0,1,1,0,0,0,1,0,1,-5,37,0.3,0
1132,1,1,0,1,1,1,0,1,1,0,0,3,26,0.3,0
1133,0,1,1,1,0,1,0,0,1,0,0,0,65,0.1,1
1134,1,1,0,1,0,1,1,1,0,0,0,5,38,0.5,1
1135,1,1,0,1,0,1,1,1,0,0,0,1,29,0.8,1
1136,0,1,1,1,0,1,0,0,1,0,1,-5,62,0.0,1
1137,0,1,0,1,0,1,1,1,0,0,0,4,21,0.8,0
1138,0,1,0,1,0,1,1,0,0,0,0,-3,35,0.1,1
1139,1,0,0,1,1,1,1,1,1,0,1,5,27,0.3,0
1140,0,0,0,1,1,1,0,0,1,0,1,-5,19,0.0,0
1141,1,1,0,1,1,1,0,1,0,0,0,5,29,0.3,0
1142,1,1,0,1,0,1,0,0,1,0,0,3,29,0.8,0
1143,1,1,0,1,1,1,1,1,0,0,0,4,29,0.8,0
1144,1,1,0,1,0,1,1,1,0,0,0,3,31,0.8,1
1145,1,1,0,1,1,1,1,1,0,0,0,1,55,0.5,1
1146,1,1,0,1,1,1,1,1,0,0,0,2,36,0.3,0
1147,0,1,0,1,1,1,1,1,0,0,1,1,48,0.1,1
1148,1,1,0,1,1,1,1,1,0,0,0,2,23,0.3,1
1149,1,1,0,1,1,1,1,1,0,0,0,5,35,0.5,0
1150,0,1,0,1,0,1,1,0,0,0,1,0,29,0.0,0
1151,0,1,0,1,1,1,1,1,0,0,1,0,52,0.3,1
1152,1,1,0,1,1,1,1,1,0,0,0,4,32,0.8,0
1153,0,1,0,1,0,1,1,0,0,0,0,3,39,0.8,1
1154,1,1,0,1,0,1,1,1,0,0,0,3,55,0.5,1
1155,1,1,0,1,0,1,1,1,0,0,0,1,41,0.8,0
1156,0,1,0,1,1,1,1,0,0,0,1,-5,55,0.0,1
1157,1,1,0,1,0,1,1,1,0,0,0,5,29,0.5,1
1158,1,1,0,0,0,1,1,1,0,1,0,3,35,0.8,0
1159,1,1,0,0,0,1,1,1,1,1,0,5,44,0.8,0
1160,0,1,0,1,0,1,1,1,0,1,0,1,60,0.3,1
1161,1,1,0,1,0,1,0,1,1,0,0,5,40,0.5,1
1162,0,1,1,1,1,1,0,0,0,0,0,-5,45,0.1,1
1163,0,1,0,1,1,1,1,0,0,0,0,-2,37,0.1,1
1164,1,1,0,0,0,1,1,1,1,1,0,5,30,0.8,0
1165,1,1,0,1,0,1,0,1,0,0,0,1,53,0.5,0
1166,0,1,0,1,1,1,0,0,1,0,1,-5,33,0.5,0
1167,0,1,0,1,0,1,0,0,0,0,0,-1,37,0.3,0
1168,1,1,0,1,1,1,1,1,0,0,0,4,33,0.5,0
1169,1,1,0,1,0,0,1,1,0,1,0,5,37,0.8,1
1170,1,1,0,1,1,1,0,0,0,0,0,1,57,0.3,0
1171,0,0,0,1,1,1,1,0,0,0,1,-5,53,0.0,1
1172,1,1,0,1,0,1,0,1,0,1,0,3,46,1.0,1
1173,0,1,0,1,1,1,0,1,1,0,1,0,62,0.3,0
1174,1,1,0,1,0,1,1,1,0,0,0,5,53,0.5,1
1175,0,1,0,1,0,1,1,0,0,0,1,-1,53,0.1,0
1176,1,1,0,1,1,1,1,1,0,1,0,4,35,0.5,1
1177,0,1,0,0,1,1,0,0,1,0,1,-3,52,0.1,0
1178,1,1,0,1,1,1,1,1,0,0,0,3,23,0.5,1
1179,0,1,0,1,1,1,0,0,1,0,1,0,57,0.0,1
1180,1,0,0,1,1,1,0,1,1,0,0,4,29,0.8,1
1181,1,1,1,1,1,1,0,1,1,1,0,0,35,0.1,1
1182,0,0,0,1,1,1,0,0,1,0,1,-4,44,0.3,0
1183,0,1,0,1,1,0,1,0,0,0,1,-5,57,0.3,1
1184,1,1,0,1,0,1,0,1,1,0,0,4,49,0.5,0
1185,1,1,1,0,0,1,1,1,0,1,0,4,63,0.5,0
1186,1,1,0,1,1,1,1,1,0,0,0,4,50,0.8,0
1187,1,1,0,1,1,1,1,1,0,0,0,3,69,0.5,0
1188,1,1,0,0,0,1,0,1,1,1,0,5,55,0.8,0
1189,0,1,0,0,0,1,1,0,0,0,0,2,44,0.8,1
1190,0,1,0,1,0,1,1,0,0,1,0,1,65,0.1,1
1191,1,1,0,1,1,0,0,1,1,0,1,3,30,0.3,1
1192,0,1,0,1,0,1,0,0,0,0,0,-2,70,0.1,1
1193,0,0,0,1,1,0,0,0,1,0,1,-2,67,0.3,1
1194,0,1,1,1,1,1,0,1,1,0,0,0,60,0.3,0
1195,1,1,0,1,1,1,0,1,1,0,0,2,31,0.3,1
1196,1,1,0,1,1,1,1,1,0,1,0,3,50,0.8,1
1197,0,1,0,1,1,1,0,0,1,0,1,-5,66,0.1,1
1198,1,1,0,1,1,1,1,1,0,1,0,3,24,0.5,0
1199,1,1,0,1,1,1,0,0,0,0,0,3,50,0.5,1
1200,1,1,0,1,0,1,1,1,0,0,0,0,42,0.8,1
1201,1,1,0,1,1,1,1,1,0,1,0,5,23,0.8,1
1202,1,1,0,1,1,1,0,1,1,0,0,3,24,0.5,1
1203,1,1,0,1,0,1,1,1,0,0,0,3,57,0.5,0
1204,0,1,0,1,0,1,0,0,1,0,0,-5,64,0.0,0
1205,0,0,0,0,0,1,1,1,0,0,0,1,63,0.5,1
1206,1,1,1,1,1,1,1,1,0,0,1,-1,62,0.1,1
1207,1,1,0,1,1,1,0,1,1,0,0,5,19,0.8,1
1208,1,1,0,1,0,1,0,1,1,0,0,5,22,0.3,1
1209,1,1,0,1,1,0,1,1,0,0,1,1,20,0.3,1
1210,1,1,0,1,0,1,1,1,0,0,0,1,32,0.5,1
1211,1,1,0,1,0,1,1,1,0,1,0,2,22,0.3,1
1212,0,1,0,1,1,1,0,0,1,0,1,-2,28,0.1,1
1213,1,1,0,0,0,1,1,1,0,1,1,4,47,0.5,1
1214,0,1,0,1,0,1,1,0,0,0,0,0,63,0.5,0
1215,1,1,0,1,1,1,0,1,1,1,1,-4,44,0.3,0
1216,1,1,0,1,1,1,0,1,0,0,0,1,27,0.1,1
1217,0,1,0,1,1,1,1,0,0,0,0,-2,22,0.5,0
1218,0,1,0,1,1,1,1,1,0,0,0,-2,66,0.0,1
1219,0,1,0,1,1,1,1,1,0,0,0,1,68,0.3,0
1220,0,1,1,1,1,1,1,1,1,0,1,-5,59,0.0,0
1221,1,1,0,1,1,0,1,1,0,0,0,3,20,0.5,1
1222,1,1,0,1,1,1,0,1,1,0,0,3,39,0.8,1
1223,0,1,0,1,1,1,1,0,0,0,1,0,24,0.3,1
1224,0,1,0,1,0,1,1,0,0,0,0,3,49,0.8,0
1225,0,1,0,1,1,0,0,0,1,0,1,-1,42,0.3,0
1226,1,1,0,1,1,1,1,1,0,0,0,4,20,0.3,1
1227,0,0,0,1,1,0,0,0,1,0,1,-5,27,0.1,1
1228,0,1,0,1,1,1,1,0,0,0,1,-3,22,0.0,1
1229,0,1,0,1,1,1,1,0,0,0,1,-5,26,0.1,0
1230,1,1,1,0,0,1,1,1,0,1,0,4,58,0.8,0
1231,0,0,0,1,1,0,0,0,1,0,1,-5,35,0.1,0
1232,0,1,0,1,1,1,1,1,0,0,0,0,28,0.8,0
1233,0,1,0,1,1,1,1,0,0,0,0,-4,60,0.0,1
1234,0,1,0,1,1,1,0,0,0,0,0,-5,61,0.3,1
1235,1,1,0,1,0,1,0,1,1,0,0,3,59,0.5,0
1236,0,1,0,1,1,1,1,0,0,0,0,1,64,0.3,1
1237,0,1,0,1,1,1,0,1,1,0,1,0,19,0.0,1
1238,0,1,1,0,0,1,1,1,0,0,0,-2,69,0.3,1
1239,0,1,0,0,1,1,0,1,0,0,0,2,44,0.5,0
1240,1,1,0,1,1,1,1,1,0,0,0,2,29,0.8,1
1241,0,1,0,1,1,1,1,0,0,0,0,0,27,0.3,0
1242,1,1,0,1,1,1,1,1,0,0,1,5,26,0.3,0
1243,0,1,0,1,1,1,1,0,0,0,0,-1,59,0.1,1
1244,1,1,0,1,1,1,0,0,1,0,0,-3,40,0.1,0
1245,1,1,0,1,0,1,1,1,1,0,1,5,32,0.1,0
1246,0,1,0,0,0,1,1,0,0,0,1,-3,49,0.3,1
1247,1,1,0,1,0,0,0,1,1,0,0,2,58,0.3,0
1248,1,1,0,1,0,1,1,1,0,1,0,5,44,0.8,1
1249,0,1,0,1,0,1,0,0,0,0,1,-2,54,0.3,0
1250,1,1,0,1,1,1,1,1,0,0,0,1,31,0.8,1
1251,1,1,0,1,0,1,1,1,0,0,0,0,45,0.3,1
1252,0,1,0,1,0,1,1,1,0,0,0,1,50,0.3,0
1253,1,1,0,1,1,1,0,1,1,0,0,1,23,0.5,0
1254,0,1,0,1,0,1,0,0,1,0,1,-3,45,0.1,1
1255,0,1,0,0,1,1,0,1,1,0,0,3,30,0.8,0
1256,1,1,0,1,1,1,1,1,0,0,1,5,31,0.3,0
1257,0,1,0,1,1,1,1,1,0,0,1,2,40,0.3,1
1258,1,1,0,0,0,1,1,1,0,1,0,4,63,0.5,0
1259,1,1,0,1,0,1,1,1,0,1,0,3,62,0.3,1
1260,1,1,0,1,1,1,0,1,1,0,0,5,22,1.0,0
1261,1,1,0,0,0,1,1,1,0,1,0,3,45,0.5,1
1262,1,1,1,1,1,1,0,1,1,0,0,0,54,0.3,1
1263,0,0,0,0,0,0,0,0,0,0,0,-5,70,0.0,1
1264,1,1,0,1,1,1,1,1,0,0,1,0,40,0.5,0
1265,0,1,0,1,1,1,1,0,0,0,0,-1,43,0.3,0
1266,1,1,0,1,1,1,0,1,1,1,0,2,43,0.8,0
1267,0,1,0,1,1,1,0,1,1,0,1,-2,47,0.1,1
1268,0,1,0,1,1,1,1,0,0,0,0,-4,29,0.1,1
1269,1,1,0,1,1,1,1,1,0,0,0,4,66,0.8,1
1270,0,1,0,1,1,1,0,0,1,0,1,-1,22,0.3,0
1271,1,1,0,0,0,1,1,1,0,1,0,3,64,0.3,1
1272,1,1,0,1,1,1,0,1,1,0,0,0,38,0.5,0
1273,1,1,0,0,0,0,0,0,0,0,0,-1,54,0.3,0
1274,0,0,0,1,1,1,0,0,1,0,1,-5,42,0.1,0
1275,0,1,0,1,1,1,1,0,0,0,0,-4,68,0.3,1
1276,0,1,1,1,1,1,1,0,0,0,1,-5,65,0.0,1
1277,1,1,0,1,1,1,1,1,0,1,0,3,18,0.5,1
1278,0,1,0,1,0,1,1,1,0,0,0,3,53,0.3,1
1279,1,1,0,1,0,1,0,1,1,0,0,2,42,0.5,1
1280,1,1,0,1,0,1,0,1,0,0,0,5,30,0.5,1
1281,1,1,0,1,0,1,1,1,0,1,0,2,53,0.1,0
1282,1,1,0,1,1,1,1,1,0,0,0,4,27,0.5,0
1283,1,1,0,1,1,1,1,1,0,0,0,3,23,0.8,0
1284,0,0,0,0,0,0,0,0,1,0,1,-5,40,0.1,0
1285,1,0,0,1,0,1,1,1,0,0,0,3,60,0.3,0
1286,0,1,0,1,1,1,0,0,1,0,0,0,59,0.8,0
1287,0,0,0,1,1,0,0,0,1,0,1,-3,49,0.5,0
1288,0,1,0,1,1,1,0,0,1,0,1,0,44,0.5,0
1289,0,0,0,1,1,1,0,0,1,0,1,-4,62,0.0,0
1290,1,1,0,1,0,1,0,1,1,0,0,0,37,0.5,1
1291,1,1,0,1,1,1,1,1,0,0,0,3,26,0.5,1
1292,0,1,0,1,1,1,1,1,0,0,1,-4,58,0.1,1
1293,1,1,0,1,1,0,0,1,1,1,0,5,30,0.8,1
1294,0,1,0,1,1,1,1,0,0,0,0,1,51,0.3,1
1295,0,1,0,1,0,1,0,0,1,0,0,3,60,0.5,0
1296,1,1,0,1,0,0,0,1,1,0,0,3,35,0.5,1
1297,1,1,1,1,0,1,1,1,0,0,0,2,60,0.8,1
1298,0,1,0,1,0,1,1,0,0,0,0,-5,65,0.1,1
1299,0,1,0,1,0,1,1,1,0,0,0,2,58,0.3,1
1300,0,0,0,1,1,1,1,0,0,0,1,-5,49,0.0,0
1301,1,1,0,1,1,1,1,1,0,0,0,1,58,0.3,1
1302,1,1,0,1,1,0,1,1,0,0,0,3,26,0.3,1
1303,1,1,0,1,1,1,1,0,0,0,0,0,59,0.3,0
1304,1,1,1,1,1,1,0,1,0,0,1,-1,28,0.5,1
1305,0,1,0,1,1,1,0,1,0,0,0,1,24,0.3,1
1306,1,1,0,1,1,1,0,1,1,0,0,3,36,1.0,0
1307,0,0,1,1,1,0,1,0,0,1,1,-5,66,0.1,0
1308,0,1,0,0,0,1,1,0,0,0,0,0,58,0.3,0
1309,0,1,0,1,1,1,1,1,0,0,0,-1,31,0.5,1
1310,1,1,0,1,0,1,1,1,0,0,0,4,27,1.0,0
1311,1,1,0,1,1,1,1,1,1,0,1,4,20,0.8,0
1312,1,1,0,0,0,1,0,1,1,1,0,5,37,0.8,0
1313,1,1,0,1,0,1,1,1,0,0,0,1,34,0.5,1
1314,0,0,0,1,1,1,1,0,0,0,1,-5,47,0.0,0
1315,1,1,0,1,1,1,1,1,0,0,0,4,25,0.3,1
1316,0,1,1,1,1,1,0,1,1,0,1,-5,67,0.1,0
1317,1,1,0,0,0,0,1,1,0,0,0,4,57,0.5,1
1318,1,1,0,1,0,1,1,1,0,0,0,3,48,0.8,1
1319,1,1,0,0,0,1,1,1,0,1,0,3,64,0.5,1
1320,0,1,0,1,1,1,0,0,1,0,1,-5,38,0.3,1
1321,0,1,0,1,1,0,0,0,1,0,1,-3,44,0.1,0
1322,1,1,0,1,0,1,1,1,0,0,0,3,47,0.5,1
1323,0,1,0,1,1,1,1,1,1,0,0,-4,53,0.3,1
1324,1,1,1,0,0,1,1,1,0,0,0,5,37,0.5,0
1325,1,0,0,1,1,1,0,1,1,0,0,5,25,0.3,0
1326,0,1,0,1,0,1,0,1,1,0,0,4,21,1.0,0
1327,0,1,0,1,1,0,0,0,1,0,1,-5,60,0.0,1
1328,0,1,0,1,0,1,0,0,1,1,0,-2,48,0.1,1
1329,0,1,0,1,1,1,0,0,1,0,0,-4,38,0.1,1
1330,1,1,0,1,1,1,0,1,1,0,0,3,24,0.5,0
1331,0,1,0,1,1,1,0,0,1,0,0,3,26,0.5,0
1332,1,1,0,1,1,1,0,1,1,0,0,4,40,0.8,1
1333,1,1,0,1,0,1,0,1,1,0,0,2,62,0.5,0
1334,1,1,0,1,0,1,1,1,0,0,0,1,26,0.3,0
1335,0,1,0,1,0,1,1,1,0,0,0,0,65,0.5,1
1336,0,1,0,1,1,0,0,1,1,0,0,2,50,0.5,0
1337,0,0,0,0,0,1,1,0,0,0,0,0,26,0.0,1
1338,0,1,0,1,1,1,1,0,0,0,0,-2,44,0.3,1
1339,0,1,0,1,0,1,0,0,0,0,0,0,48,0.8,0
1340,0,1,0,1,1,1,0,0,1,0,1,0,29,0.5,1
1341,0,1,0,1,1,1,0,0,0,0,0,-4,60,0.1,1
1342,1,1,1,1,0,1,1,1,0,1,0,5,18,1.0,0
1343,0,1,0,1,1,1,1,0,0,0,1,-3,37,0.1,1
1344,1,1,0,1,0,1,1,0,1,0,1,-3,55,0.1,1
1345,0,1,0,1,1,1,1,0,0,0,0,2,39,0.3,1
1346,1,1,0,1,0,1,0,1,1,1,0,4,55,0.5,0
1347,1,1,1,1,1,1,1,1,0,0,0,1,18,0.3,0
1348,1,1,0,1,0,1,0,1,1,0,0,5,21,0.8,1
1349,1,1,0,1,0,1,0,1,1,1,0,2,31,0.5,0
1350,1,1,0,1,0,1,1,1,0,1,0,3,28,0.5,1
1351,1,1,0,1,1,1,0,1,1,0,0,4,39,0.5,0
1352,0,1,0,1,0,1,1,1,0,0,0,1,51,0.3,0
1353,1,1,0,1,1,1,1,1,0,1,0,5,18,0.8,1
1354,0,1,0,1,0,1,1,0,0,0,1,-5,44,0.0,1
1355,0,1,1,1,1,1,1,0,0,0,1,-4,66,0.0,0
1356,0,1,0,1,1,1,1,0,0,0,1,-3,34,0.1,1
1357,1,1,0,1,0,1,1,1,0,0,0,1,53,0.3,1
1358,0,0,0,1,1,1,0,0,1,0,0,-3,42,0.1,0
1359,1,1,0,1,1,1,1,1,0,0,0,3,38,0.3,1
1360,1,1,0,1,1,1,1,1,0,0,0,3,29,0.5,1
1361,0,1,0,1,1,1,0,1,0,0,0,0,57,0.3,0
1362,1,1,0,1,0,1,1,1,1,1,0,5,26,0.8,0
1363,1,1,0,1,0,1,0,1,1,0,0,3,30,0.8,1
1364,0,1,0,1,0,1,1,1,0,0,1,1,46,0.3,0
1365,0,1,0,1,0,1,1,0,0,0,0,0,61,0.3,0
1366,1,1,0,1,0,1,1,1,0,0,0,0,39,0.8,0
1367,1,1,0,1,0,1,1,1,0,0,0,3,62,0.3,0
1368,1,1,0,1,0,1,1,1,1,1,0,4,43,0.5,1
1369,1,1,0,1,1,1,1,1,0,0,0,3,36,0.5,1
1370,1,1,0,0,1,1,1,1,0,0,0,3,60,0.3,1
1371,0,1,0,1,0,1,1,0,0,0,0,-4,54,0.1,1
1372,0,1,0,1,0,1,1,1,0,0,0,0,48,0.8,0
1373,1,1,0,1,1,1,1,1,0,0,0,2,20,0.5,0
1374,1,1,0,1,1,1,1,1,0,0,0,2,27,0.5,1
1375,0,1,0,1,0,1,1,1,0,0,0,-1,68,0.5,1
1376,0,1,0,1,1,1,1,1,0,0,0,-1,70,0.5,0
1377,1,1,0,1,1,1,1,1,0,0,0,3,28,0.5,1
1378,0,1,0,1,1,1,1,0,0,0,1,-5,59,0.0,1
1379,0,1,0,0,0,1,1,0,0,0,0,-2,45,0.1,0
1380,1,1,0,0,0,1,0,1,1,1,0,2,67,0.3,0
1381,1,1,0,1,1,1,0,0,1,0,1,3,26,0.8,1
1382,0,0,0,1,1,1,0,0,1,0,1,-5,42,0.0,0
1383,0,1,0,0,0,1,1,0,0,0,0,4,55,0.8,0
1384,0,1,0,1,1,1,0,0,0,0,1,-2,30,0.1,1
1385,1,1,0,0,0,1,0,1,0,1,0,5,33,0.8,0
1386,0,1,0,1,0,1,1,0,0,0,0,-3,60,0.3,1
1387,1,1,0,1,0,1,1,1,0,0,0,3,57,0.5,1
1388,0,1,0,1,1,1,1,1,0,0,0,0,44,0.5,0
1389,1,1,1,1,0,1,1,1,0,0,0,4,59,0.3,1
1390,0,0,0,1,1,1,1,0,0,0,1,-5,35,0.0,0
1391,0,1,0,1,1,1,1,0,0,0,0,1,60,0.1,0
1392,0,1,0,1,1,1,1,0,0,1,1,-5,67,0.0,1
1393,1,1,0,1,1,1,1,1,0,0,0,4,29,0.8,1
1394,1,1,0,1,1,1,1,1,0,0,0,4,22,0.5,1
1395,1,0,0,0,0,1,0,1,0,0,0,4,54,0.1,1
1396,1,1,0,1,0,1,0,1,1,1,0,3,21,1.0,1
1397,0,1,1,0,0,1,0,1,0,0,0,4,62,0.5,1
1398,0,1,0,1,1,1,1,0,0,0,1,-5,53,0.0,0
1399,0,1,0,1,1,1,0,0,1,0,1,-4,37,0.1,1
1400,1,1,0,1,1,1,1,1,0,1,0,5,44,0.8,1
1401,0,1,0,1,1,1,1,0,0,0,1,-5,52,0.0,1
1402,0,1,0,1,0,1,0,0,1,0,0,1,55,0.3,0
1403,0,1,0,1,1,1,0,0,0,0,1,-3,32,0.1,1
1404,0,0,0,1,1,0,0,0,1,0,1,-5,32,0.5,1
1405,1,1,0,1,0,1,0,1,1,0,0,2,47,0.3,0
1406,0,1,0,1,1,1,0,0,0,0,1,-5,31,0.1,0
1407,0,1,0,1,0,1,0,1,1,0,0,1,55,0.1,0
1408,0,1,0,1,1,1,0,0,1,1,0,-4,60,0.1,1
1409,1,1,0,1,0,1,0,1,1,0,0,5,70,0.8,0
1410,1,1,0,1,0,0,1,1,0,0,0,4,49,0.1,1
1411,1,1,0,1,1,1,1,1,0,0,0,2,55,0.1,1
1412,0,0,0,1,1,1,1,0,0,0,0,-2,50,0.3,1
1413,1,1,0,1,0,1,1,1,0,0,0,3,26,0.5,0
1414,0,1,0,1,0,1,1,0,0,0,1,-4,55,0.1,0
1415,0,1,0,1,1,1,0,1,1,0,1,-3,57,0.3,0
1416,0,1,0,1,1,1,1,0,0,0,0,-1,20,0.5,1
1417,1,1,0,1,0,1,0,1,1,1,0,4,46,0.5,1
1418,0,0,0,1,1,1,1,0,0,0,1,-5,62,0.0,1
1419,0,1,0,1,1,1,1,0,0,0,1,0,59,0.3,1
1420,1,1,0,1,0,1,1,1,0,0,0,3,53,0.5,1
1421,1,1,0,1,1,1,1,1,0,0,0,3,57,0.3,1
1422,1,1,0,1,0,1,1,1,0,0,0,1,59,0.3,1
1423,1,1,0,1,0,1,1,1,0,0,0,3,41,0.5,0
1424,0,1,0,1,0,1,1,0,0,0,0,1,36,0.5,0
1425,1,1,0,1,0,1,1,1,0,0,0,4,57,0.5,0
1426,1,0,0,0,0,1,1,1,0,0,0,5,33,0.5,1
1427,0,1,0,1,0,1,0,0,1,1,0,3,38,0.5,1
1428,0,1,0,1,1,1,1,1,0,0,0,1,37,0.3,0
1429,1,1,0,1,1,0,1,1,0,0,0,4,25,1.0,0
1430,0,1,0,1,1,1,1,0,1,0,1,-3,42,0.8,0
1431,1,1,0,1,0,1,0,1,1,0,0,3,55,0.3,1
1432,0,1,0,1,1,1,1,0,0,0,0,2,21,0.8,0
1433,0,0,0,0,0,0,0,0,1,0,1,-5,44,0.1,0
1434,1,1,0,1,1,1,1,1,0,0,1,4,41,0.8,0
1435,0,1,0,1,1,1,1,0,0,0,1,-5,25,0.0,0
1436,1,1,0,1,1,1,0,1,1,0,0,5,24,0.5,0
1437,1,1,0,1,0,1,1,1,0,1,0,4,61,0.3,1
1438,1,1,0,1,1,1,0,1,1,0,0,3,27,0.5,1
1439,1,1,1,1,1,0,1,1,0,1,1,1,61,0.5,0
1440,1,1,0,0,0,1,1,1,0,0,0,3,55,0.5,1
1441,1,1,0,1,1,1,0,1,1,0,0,5,29,0.8,0
1442,1,1,0,0,1,1,1,1,0,0,0,4,31,0.5,0
1443,1,1,0,1,0,1,1,1,0,0,0,2,50,0.1,1
1444,0,1,0,1,1,1,1,0,0,1,0,-3,55,0.0,0
1445,0,1,0,1,1,1,1,1,0,0,1,1,18,0.5,1
1446,1,1,0,1,1,1,1,1,0,1,0,1,52,0.3,1
1447,0,1,0,1,1,0,0,1,1,0,0,0,43,0.5,0
1448,0,1,0,1,1,0,0,0,1,0,1,-5,47,0.1,0
1449,1,1,0,1,0,0,1,1,0,1,0,2,36,0.8,1
1450,1,1,0,1,0,1,0,1,1,0,0,3,52,0.5,1
1451,1,1,0,0,0,1,1,1,0,1,0,4,41,0.3,0
1452,0,1,0,1,1,0,0,0,1,0,1,-3,30,0.3,0
